_id,Name,Author,Year,Code2
ObjectId("5cab08f182ac8110ad8a3f2d"),335,Karl Marx et Friedrich Engel. - M. : Progres, 1981,1981,Phòng Mượn: NNM 000464-000467300/F 000241
ObjectId("5cab08f182ac8110ad8a3f2e"),Các câu chuyện toán học,Nguyễn Bá Đô, Nguyễn Hồng Minh . - H. : Giáo dục, 2001,2001,Phòng Mượn: VNM 038637-038641
ObjectId("5cab08f182ac8110ad8a3f2f"),Các loại số trong tiếng Anh,Nguyễn Thành Yến (dịch). - Tp. Hồ chí Minh : Nxb. Tp. Hồ Chí Minh, 2001,2001,
ObjectId("5cab08f182ac8110ad8a3f30"),CIA những cuộc chiến thầm lặng,Bob Woodward ; Nguyễn Văn Đóa (dịch). - H. : Chính trị Quốc gia, 1996,1996,Phòng Mượn: VNM 030324-030325
ObjectId("5cab08f182ac8110ad8a3f31"),Giáo trình Hán ngữ,Lý Hiếu Kỳ, Đái Quốc Phù, Quách Chấn Hoa ; Người dịch : Trần Kiết Hùng,.... - Đồng Nai : Nxb. Đồng Nai, 1997,1997,
ObjectId("5cab08f182ac8110ad8a3f32"),Giáo trình Hán ngữ,Lý Hiểu Kỳ, Đái Quốc Phù, Quách Chấn Hoa ; Người dịch : Trần Kiết Hùng,.... - Đồng Nai : Nxb. Đồng Nai, 1997,1997,
ObjectId("5cab08f182ac8110ad8a3f33"),Giáo trình kinh tế chính trị Mác-Lê nin về phương thức sản xuất tư bản chủ nghĩa. - H. : Chính trị Quốc gia, 2002,,2002,Phòng Mượn: VNM 038516-038519
ObjectId("5cab08f182ac8110ad8a3f34"),Hảy súng khon bản trường ca khát vọng vô tận,Lê Thúy Quỳnh ( giới thiệu ). - H. : Hội Nhà văn, 2017,2017,
ObjectId("5cab08f182ac8110ad8a3f35"),Kế toán tài chính. - H. : Thống kê, 2001,,2001,Phòng Mượn: VVM 005030-005032
ObjectId("5cab08f182ac8110ad8a3f36"),Những ngôi chùa nổi tiếng Việt Nam,Võ Văn Tường, Thích Minh Châu. - H. : Văn hoá Thông tin, 1994,1994,Phòng Mượn: VVM 004056-004057, 004981
ObjectId("5cab08f182ac8110ad8a3f37"),Từ điển lịch sử chế độ chính trị Trung Quốc,Chu Phát Tăng, Trần Long Đào, Tề Cát Tường ; Nguyễn Văn Tường (dịch). - Tp. Hồ Chí Minh : Nxb. Tp. Hồ Chí Minh, 2001,2001,Từ điển: TD 000437-000439
ObjectId("5cab08f182ac8110ad8a3f38"),... And the earth did not devour him,Tomás Rivera. - Evanston : McDougal Littell, 1997,1997,
ObjectId("5cab08f182ac8110ad8a3f39"),... And the Earth did not devour him,Tomás Rivera. - Evanston, U.S.A : McDougal Littell, 1997,1997,
ObjectId("5cab08f182ac8110ad8a3f3a"),(40=bốn mươi) năm nước cộng hòa xã hội chủ nghĩa Việt Nam. - H. : Sự thật, 1985,,1985,Phòng Mượn: VVM 002350
ObjectId("5cab08f182ac8110ad8a3f3b"),10 âm mưu lớn nhất lịch sử phong kiến Trung Quốc,Nguyễn Tôn Nhan. - Tp. Hồ Chí Minh : Văn Nghệ, 1999,1999,Phòng Mượn: VNM 030938, 030940
ObjectId("5cab08f182ac8110ad8a3f3c"),10 cách đánh thức tư duy sáng tạo,Tony Buzan ; Gia Linh (biên dịch). - H. : Từ điển Bách Khoa, 2007,2007,
ObjectId("5cab08f182ac8110ad8a3f3d"),10 chuyên đề bồi dưỡng học sinh giỏi toán 4-5,Trần Diên Hiển. - H. : Giáo dục, 2002,2002,Phòng Giáo trình: VNG 02644:0001->0025
ObjectId("5cab08f182ac8110ad8a3f3e"),10 chuyên đề bồi dưỡng học sinh giỏi toán 4-5,Trần Diên Hiển. - H. : Giáo dục, 2002,2002,Phòng Giáo trình: VNG 02654:0001->0025
ObjectId("5cab08f182ac8110ad8a3f3f"),10 chuyên đề ngữ pháp căn bản Tiếng Anh,Đoàn Viết Bửu, Nguyễn Duy Linh. - Tp. Hồ Chí Minh : Trường Cao đẳng sư phạm Tp. Hồ Chí Minh, 1989,1989,
ObjectId("5cab08f182ac8110ad8a3f40"),10 đại gian thần trong lịch sử Trung Quốc,Nhiễm Vạn Lý (ch.b.) ; Phong Đảo (dịch). - H. : Phụ nữ, 2001,2001,Phòng Giáo trình: VNG 02718:0001->0020 
ObjectId("5cab08f182ac8110ad8a3f41"),10 đại tư lệnh quân khu những điều chưa biết,Vĩnh Khang, Cao Tử Biên ; Đoàn Như Trác (dịch). - H. : Thanh niên, 2001,2001,Phòng Mượn: VNM 033668-033669, 036239-036243
ObjectId("5cab08f182ac8110ad8a3f42"),10 kịch ngắn chọn lọc,Hồ Ngọc (tuyển chọn) ; Việt Hùng (giới thiệu). - H. : Văn hóa, 1978,1978,Phòng Mượn: VNM 003843-003844, 019560-019561
ObjectId("5cab08f182ac8110ad8a3f43"),10 mẫu thi mẫu chứng chỉ A quốc gia tiếng Anh,Lê Quang Hùng. - Đồng Tháp : Nxb. Đồng Tháp, 1994,1994,
ObjectId("5cab08f182ac8110ad8a3f44"),10 ngày học kế toán,B.s. : Lý Thị Minh Châu, Hoàng Huy Thông. - Tp. Hồ Chí Minh : Nxb. Trẻ, 2001,2001,Phòng Mượn: VNM 036981-036988
ObjectId("5cab08f182ac8110ad8a3f45"),10 nhà thám hiểm nổi tiếng thế giới,Vũ Bội Tuyền (ch.b.). - H. : Thanh niên, 2000,2000,Phòng Mượn: VNM 034276-034277
ObjectId("5cab08f182ac8110ad8a3f46"),10 nhân vật nổi tiếng thế giới thế kỷ XX,B.s : Trần Bình Dân, Hồng Thanh Quang. - H. : Văn hoá Thông tin, 2002,2002,Phòng Mượn: VNM 035925-035928
ObjectId("5cab08f182ac8110ad8a3f47"),10 nhân vật nổi tiếng thế giới thế kỷ XX,B.s. : Trần Bình Dân, Hồng Thanh Quang. - H. : Văn hoá Thông tin, 2002,2002,Phòng Mượn: VNM 035221-035223
ObjectId("5cab08f182ac8110ad8a3f48"),10 phút chống mệt mỏi,Quách Trường Thanh. - H. : Phụ nữ, 2001,2001,
ObjectId("5cab08f182ac8110ad8a3f49"),10 phút học Quattro Pro for windows,Joe Kraynak ; Người dịch : Nguyễn Văn Hoàng, Lê Minh Trung. - Tp. Hồ Chí Minh : Nxb. Trẻ, 1993,1993,Phòng Giáo trình: VNG 01323:0001->0025
ObjectId("5cab08f182ac8110ad8a3f4a"),10 phút học WordPerfect 6.0,Lê Minh Trung (dịch). - Tp. Hồ Chí Minh : Nxb. Trẻ, 1993,1993,Phòng Mượn: VNM 028428-028430
ObjectId("5cab08f182ac8110ad8a3f4b"),10 vạn câu hỏi vì sao ?,Hồng Minh (b.s.). - H. : Văn hoá thông tin, 2010,2010,
ObjectId("5cab08f182ac8110ad8a3f4c"),10.000 mạch điện thực dụng,Nguyễn Đức ánh. - H. : Giáo dục, 1994,1994,Phòng Giáo trình: VNG 01456:0001->0021
ObjectId("5cab08f182ac8110ad8a3f4d"),100 câu hỏi và đáp về việc dạy toán ở tiểu học,Phạm Đình Thực. - H. : Giáo dục, 2001,2001,Phòng Giáo trình: VNG 02416:0001->0085
ObjectId("5cab08f182ac8110ad8a3f4e"),100 bài đàm thoại dùng trong tiếng Anh,Nguyễn Thuần Hậu. - Đồng Nai : Nxb. Đồng Nai, 1992,1992,
ObjectId("5cab08f182ac8110ad8a3f4f"),100 bài luyện dịch Việt Anh,B.s. : Võ Liêm An, Võ Liêm Anh. - Đồng Nai : Nxb. Đồng Nai, 1999,1999,
ObjectId("5cab08f182ac8110ad8a3f50"),100 bài luyện dịch Việt-Anh,Võ Liêm An, Võ Liêm Anh. - Tp. Hồ Chí Minh : Nxb. Tp. Hồ Chí Minh, 1997,1997,
ObjectId("5cab08f182ac8110ad8a3f51"),100 bài tập và bài giải kế toán tài chính,Hà Xuân Thạch (b.s.). - H. : Tài chính, 1999,1999,Phòng Mượn: VNM 036973-036975
ObjectId("5cab08f182ac8110ad8a3f52"),100 bài thơ Pháp từ thế kỉ XV đến thế kỉ XX,Charles d' Orléans, Francoi Villon, Clément Marot,... ; Phạm Nguyên Phẩm (tuyển chọn và dịch). - H. : Giáo dục, 1998,1998,Phòng Mượn: VNM 038644-038645
ObjectId("5cab08f182ac8110ad8a3f53"),100 câu đố mẫu giáo,B.s. : Lê Thị ánh Tuyết, Vũ Minh Hồng, Nguyễn Hà. - H. : Giáo dục, 2001,2001,Phòng Mượn: VNM 039446-039455
ObjectId("5cab08f182ac8110ad8a3f54"),100 câu hỏi chọn lọc và trả lời về di truyền - biến dị,Lê Đình Trung. - H. : Đại học Quốc gia Hà Nội, 2001,2001,Phòng Giáo trình: VNG 02463:0001->0017
ObjectId("5cab08f182ac8110ad8a3f55"),100 Câu hỏi và bài tập hoá hữu cơ,Trần Thạch Văn. - H. : Giáo dục, 1998,1998,Phòng Mượn: VNM 030262-030263
ObjectId("5cab08f182ac8110ad8a3f56"),100 câu hỏi và đáp về việc dạy toán ở tiểu học,Phạm Đình Thực. - H. : Giáo dục, 2002,2002,
ObjectId("5cab08f182ac8110ad8a3f57"),100 câu hỏi về bệnh nam giới,Ngô Ngân Căn, Thẩm Khánh Pháp ; Nguyễn Minh Hùng (h.đ.) ; Nguyễn Duy (dịch). - H. : Thanh Niên, 2000,2000,
ObjectId("5cab08f182ac8110ad8a3f58"),100 điều nên làm và 100 điều nên tránh trong kinh doanh,Thương Mưu Tử ; Tạ Ngọc ái (dịch). - H. : Văn hoá Thông tin, 2005,2005,Phòng Mượn: VNM 040337-040339
ObjectId("5cab08f182ac8110ad8a3f59"),100 great American novels. - New York : The new American library , 1966,,1966,
ObjectId("5cab08f182ac8110ad8a3f5a"),100 lời khuyên khoa học trong gia đình,Nguyễn Hữu Thăng. - H. : Khoa học Kỹ thuật, 1990,1990,Phòng Mượn: VNM 027653
ObjectId("5cab08f182ac8110ad8a3f5b"),100 Màn ảo thuật hoá học,Võ Quỳnh. - Tp. Hồ Chí Minh : Nxb. Trẻ, 1992,1992,Phòng Mượn: VNM 028123-028124
ObjectId("5cab08f182ac8110ad8a3f5c"),100 năm khoa học hình sự thế giới ,Guyếcgien Toócvan ; Người dịch : Dương Văn Ngữ,... - H. : Công an Nhân dân, 2001,2001,Phòng Mượn: VNM 033472-033473
ObjectId("5cab08f182ac8110ad8a3f5d"),100 năm nghệ thuật cải lương Việt Nam,Hoàng Chương. - H. : Văn hóa Thông tin, 2013,2013,
ObjectId("5cab08f182ac8110ad8a3f5e"),100 sự kiện lịch sử Sài Gòn - Thành phố Hồ Chí Minh trong thế kỷ XX,Trần Nam Tiến. - Tp. Hồ Chí Minh : Nxb. Trẻ, 2001,2001,Phòng Mượn: VNM 037086-037088
ObjectId("5cab08f182ac8110ad8a3f5f"),100 tác phẩm nổi tiếng nhất văn hóa Trung Hoa,Nguyễn Tôn Nhan (biên dịch). - H. : Văn học, 1998,1998,Phòng Mượn: VNM 030569-030571
ObjectId("5cab08f182ac8110ad8a3f60"),100 tập đoàn kinh tế hàng đầu châu Âu,Nguyễn Tâm Tình (s.t. & b.s.). - H. : Thế giới, 2001,2001,Phòng Mượn: VNM 037207-037208
ObjectId("5cab08f182ac8110ad8a3f61"),100 thuật mưu thâm của các tướng soái thời xưa,Sưu tầm và biên soạn : Dương Thu ái, Nguyễn Kim Hanh. - H. : Thanh niên, 2008,2008,Phòng Mượn: VNM 040805-040806
ObjectId("5cab08f182ac8110ad8a3f62"),100 tình huống trong quản lý,B.O. Suftsuk ; Dịch : Bùi Quốc Khánh,.... - H. : [Knxb], 1985,1985,
ObjectId("5cab08f182ac8110ad8a3f63"),100 truyện ngắn hay Việt Nam,Ban tuyển chọn : Ma Văn Kháng, Ngô Văn Phú, Lê Minh Khuê. - H. : Nxb. Hội nhà văn, 1998,1998,
ObjectId("5cab08f182ac8110ad8a3f64"),100 truyện ngắn hay Việt Nam,Ban tuyển chọn : Ma Văn Kháng, Ngô Văn Phú, Lê Minh Khuê. - H. : Nxb. Hội nhà văn, 1998,1998,
ObjectId("5cab08f182ac8110ad8a3f65"),1000 câu giao tiếp Hoa-Việt,Xuân Huy, Lan Anh, Chu Minh. - Tp. Hồ Chí Minh : Nxb. Trẻ, 2000,2000,
ObjectId("5cab08f182ac8110ad8a3f66"),1000 câu hát đưa em ở Long An,Trịnh Hùng (sưu tầm, biên dịch, giới thiệu). - H. : Đại học Quốc gia Hà Nội, 2010,2010,
ObjectId("5cab08f182ac8110ad8a3f67"),1000 câu hỏi trắc nghiệm đại lí 11,Tăng Văn Dom, Nguyễn Trùng Khánh. - Tp. Hồ Chí Minh : Đại học Quốc gia thành phố Hồ Chí Minh, 2007,2007,
ObjectId("5cab08f182ac8110ad8a3f68"),1000 câu hỏi trắc nghiệm hóa học,Lê Đình Nguyên. - Tp. Hồ Chí Minh : Đại học Quốc gia thành phố Hồ Chí Minh, 2007,2007,
ObjectId("5cab08f182ac8110ad8a3f69"),1000 câu hội thoại Đức-Việt,Nguyễn Quang. - H. : Nxb. Hà Nội, 2002,2002,
ObjectId("5cab08f182ac8110ad8a3f6a"),1002 mẹo vặt cho cuộc sống hiện đại,B.s. : Thư Quỳnh, Thu Hương. - H. : Lao động Xã hội, 2007,2007,
ObjectId("5cab08f182ac8110ad8a3f6b"),101 bài toán chọn lọc lớp 11-12 Phổ thông trung học,Phan Đức Chính. - Tp. Hồ Chí Minh : Nxb. Trẻ, 1999,1999,Phòng Mượn: VNM 036786-036788
ObjectId("5cab08f182ac8110ad8a3f6c"),101 điều cần biết về đôi mắt của bạn,Nguyễn Thị Lan. - H. : Văn hóa Thông tin, 2000,2000,Phòng Mượn: VNM 035483-035487
ObjectId("5cab08f182ac8110ad8a3f6d"),101 điều cần biết về tín ngưỡng và phong tục Việt Nam,Trương Thìn. - H. : Nxb. Hà Nội, 2007,2007,
ObjectId("5cab08f182ac8110ad8a3f6e"),101 giai thoại về phụ nữ Việt Nam,Hoàng Khôi, Hoàng Đình Thi. - H. : Phụ nữ, 1987,1987,Phòng Mượn: VNM 024829-024830
ObjectId("5cab08f182ac8110ad8a3f6f"),101 key ideas astsonomy. - London : NTC, 2000,,2000,
ObjectId("5cab08f182ac8110ad8a3f70"),101 key ideas evolution,Morton Jenkins. - London : Cox & Wyman, 2000,2000,
ObjectId("5cab08f182ac8110ad8a3f71"),101 key ideas psychology,Dave Robinson. - London : NTC, 2000,2000,
ObjectId("5cab08f182ac8110ad8a3f72"),101 marketing strategies for accounting, law, consulting, and professional services firms,Troy Waugh. - Hoboken : John Wiley & Sons, 2004,2004,
ObjectId("5cab08f182ac8110ad8a3f73"),101 more best resumes,Jay A, Block, Michael Betrus. - NewYork : McGraw Hill, 1999,1999,
ObjectId("5cab08f182ac8110ad8a3f74"),101 substitution tables for students of English,H.V. George. - Cambridge : Cambridge University, 1967,1967,
ObjectId("5cab08f182ac8110ad8a3f75"),101 substitution tables for students of English,H.V. George. - London : Cambridge University, 1967,1967,
ObjectId("5cab08f182ac8110ad8a3f76"),101 thuật toán và chương trình,Lê Văn Doanh, Trần Khắc Tuấn. - H. : Khoa học Kỹ thuật, 1993,1993,Phòng Giáo trình: VNG 01265:0001->0082
ObjectId("5cab08f182ac8110ad8a3f77"),101 thuật toán và chương trình bài toán khoa học kỹ thuật và kinh tế bằng ngôn ngữ C,Lê Văn Doanh, Trần Khắc Tuấn, Lê Đình Anh. - H. : Khoa học Kỹ thuật, 1999,1999,Phòng Giáo trình: VNG 02257:0001->0040
ObjectId("5cab08f182ac8110ad8a3f78"),101 truyện mẹ kể con nghe,Nguyễn Tiến Chiêm. - H. : Phụ nữ, 1999,1999,Phòng Mượn: VNM 032284-032286, 032288
ObjectId("5cab08f182ac8110ad8a3f79"),1038 sự cố trên phần cứng máy vi tính,VN-Guide (dịch). - H. : Thống kê, 2000,2000,Phòng Mượn: VNM 031434-031435, 038754-38758
ObjectId("5cab08f182ac8110ad8a3f7a"),105 câu hỏi đáp về kỹ thuật an toàn cơ khí. - H. : Công nhân kỹ thuật, 1986,,1986,Phòng Mượn: VNM 024137-024139
ObjectId("5cab08f182ac8110ad8a3f7b"),106 nhà thông thái,P.S. Taranốp ; Đỗ Minh Hợp (dịch). - H. : Chính trị Quốc gia, 2000,2000,Phòng Mượn: VNM 034046
ObjectId("5cab08f182ac8110ad8a3f7c"),1080 câu đố vui,Thanh Hương. - H. : Phụ nữ, 2002,2002,Phòng Mượn: VNM 033930-033934
ObjectId("5cab08f182ac8110ad8a3f7d"),109 hiện tượng bí ẩn trên thế giới,Kính Vạn Lý ; Phạm Bá (dịch). - H. : Thanh niên, 2002,2002,Phòng Mượn: VNM 036040-036044
ObjectId("5cab08f182ac8110ad8a3f7e"),110 mạch ứng dụng OP-AMP,R.M Marsson ; Ngô Đức Hoàng (dịch). - H. : [Knxb], 1990,1990,Phòng Mượn: VNM 027406
ObjectId("5cab08f182ac8110ad8a3f7f"),115 câu hỏi và giải đáp về chế độ tiền lương và phụ cấp lương đối với cán bộ, công chức,Nguyễn Quảng (biên soạn và tuyển chọn). - H. : Lao động Xã hội, 2001,2001,Phòng Mượn: VNM 033775-033776
ObjectId("5cab08f182ac8110ad8a3f80"),1160 câu trắc nghiệm phần hóa học hữu cơ,Trần Trung Ninh, Phạm Thị Bình. - H. : Đại học quốc gia Hà Nội, 2008,2008,
ObjectId("5cab08f182ac8110ad8a3f81"),12 con giáp,B.s. : Vũ Ngọc Khánh, Trần Mạnh Thường (ch.b.), Bùi Xuân Mỹ,.... - H. : Nxb. Hội nhà văn, 1998,1998,
ObjectId("5cab08f182ac8110ad8a3f82"),120 bài luyện dịch Pháp văn,Nguyễn Văn Dư. - Tp. Hồ Chí Minh : [Knxb], 1994,1994,
ObjectId("5cab08f182ac8110ad8a3f83"),120 bài luyện dịch Pháp văn,Nguyễn Văn Dư. - Tp. Hồ Chí Minh, 1994,1994,Phòng Mượn: NNM 000885-000886400/F 000021-000022
ObjectId("5cab08f182ac8110ad8a3f84"),120 bài luyện dịch Pháp văn,Nguyễn Văn Dự (soạn và dịch). - Tp. Hồ Chí Minh : Nxb. Tp. Hồ Chí Minh, 2000,2000,
ObjectId("5cab08f182ac8110ad8a3f85"),120 bài luyện dịch Pháp văn,Nguyễn Văn Dự (soạn và dịch). - Tp. Hồ Chí Minh : Nxb. Tp. Hồ Chí Minh, 2000,2000,Phòng Mượn: NNM 001334-001335400/F 000026-000028
ObjectId("5cab08f182ac8110ad8a3f86"),120 năm báo chí Việt Nam,Hồng Chương. - Tp. Hồ Chí Minh : Nxb. Tp Hồ Chí Minh, 1985,1985,
ObjectId("5cab08f182ac8110ad8a3f87"),120 năm báo chí Việt Nam,Hồng Chương. - Tp. Hồ Chí Minh : Nxb. Tp. Hồ Chí Minh, 1985,1985,Phòng Mượn: VNM 022063-022064
ObjectId("5cab08f182ac8110ad8a3f88"),120 sơ đồ mạch điện tử thực dụng,Nguyễn Trọng Đức. - H. : Thanh niên, 2007,2007,
ObjectId("5cab08f182ac8110ad8a3f89"),125 sơ đồ kế toán lập và phân tích báo cáo tài chính,Bùi Văn Dương. - Tp. Hồ Chí Minh : Tài chính, 1999,1999,Phòng Mượn: VNM 032826-032830
ObjectId("5cab08f182ac8110ad8a3f8a"),125 bài văn,Nguyễn Xuân Lạc, Lê Đức Hạnh, Hoàng Kiều,.... - H. : Đại học quốc gia Hà Nội, 1999,1999,Phòng Mượn: VNM 031262-031268
ObjectId("5cab08f182ac8110ad8a3f8b"),130 câu hỏi-trả lời về huấn luyện thể thao hiện đại,Diên Phong ; Người dịch : Nguyễn Thiệt Tình,.... - H. : Thể dục Thể thao, 2001,2001,Phòng Giáo trình: VNG 02368:0001->0017
ObjectId("5cab08f182ac8110ad8a3f8c"),135 bài toán tích phân,Nguyễn Xuân Báu (b.s.), Thanh Tâm. - H. : Thanh niên, 1999,1999,Phòng Mượn: VNM 036961-036962
ObjectId("5cab08f182ac8110ad8a3f8d"),14 truyện ngắn hiện đại Trung Quốc,Tuyển dịch : Phạm Hà Phú, Lê Bầu. - H. : Văn hoá Thông tin, 2002,2002,Phòng Mượn: VNM 036428-036432
ObjectId("5cab08f182ac8110ad8a3f8e"),147 câu hỏi và giải đáp về nhà ,Lê Anh ThưHoà ThườngNguyễn Trung Việt. - H. : Thông tin, 1991,1991,Phòng Mượn: VNM 027790, 027945-027946
ObjectId("5cab08f182ac8110ad8a3f8f"),147 câu hỏi và giải đáp về nhà đất,Lê Anh Thư, Hoà Thường, Nguyễn Trung Việt. - H. : Thông tin, 1991,1991,
ObjectId("5cab08f182ac8110ad8a3f90"),15 anh hùng dân gian các thời đại,Đoàn Doãn (biên dịch). - H. : Văn hóa Thông tin, 2007,2007,
ObjectId("5cab08f182ac8110ad8a3f91"),15 bộ đề thi trắc nghiệm vật lý 12,Mai Trọng ý (ch.b.). - H. : Đại học Quốc gia Hà Nội, 2008,2008,
ObjectId("5cab08f182ac8110ad8a3f92"),15 năm xây dựng và phát triển của Đoàn TNCS Hồ Chí Minh, Trường ĐHSP Quy Nhơn (1978-1993. - [Kđ] : [Knxb], 1993,,1993,
ObjectId("5cab08f182ac8110ad8a3f93"),15 nhà văn. - Tp. Hồ Chí Minh : Nxb. Trẻ, 2002,,2002,Phòng Mượn: VVM 005341-005343
ObjectId("5cab08f182ac8110ad8a3f94"),150 câu hỏi chọn lọc và trả lời về tiến hóa, sinh thái học, cơ sở chọn giống,Lê Đình Trung. - H. : Đại học Quốc gia Hà Nội, 2001,2001,Phòng Giáo trình: VNG 02455:0001->0024
ObjectId("5cab08f182ac8110ad8a3f95"),150 bài luyện thi môn đọc hiểu, trình độ B,Nguyễn Trung Tánh. - Tp. Hồ Chí Minh : Nxb. Tp. Hồ Chí Minh, 1997,1997,
ObjectId("5cab08f182ac8110ad8a3f96"),150 bài tập rèn luyện kỹ năng xây dựng đoạn văn,Nguyễn Quang Ninh. - H. : Trường Đại học sư phạm Hà Nội I, 1993,1993,Phòng Giáo trình: VNG 01275:0001->0035
ObjectId("5cab08f182ac8110ad8a3f97"),150 ca khúc dùng trong sinh hoạt tập thể,Trần Hoàng Trung (ch.b.) ; Chính Huấn (h.đ.). - H. : Lao động, 2003,2003,
ObjectId("5cab08f182ac8110ad8a3f98"),150 lời khuyên thực hành về gia công kim loại, thủy tinh, gỗ, điều chế và sử dụng keo, kỹ thuật in ảnh và trang trí,V.G. Baxtanov ; Dịch : Đặng Văn Sử,.... - H. : Khoa học Kỹ thuật, 1990,1990,Phòng Mượn: VNM 027476
ObjectId("5cab08f182ac8110ad8a3f99"),160 mẫu soạn thảo văn bản hành chính và hợp đồng thường dùng trong kinh doanh,Lê Thành Kính. - H. : Thống kê, 2000,2000,Phòng Mượn: VNM 032821-032825
ObjectId("5cab08f182ac8110ad8a3f9a"),161 truyện vui về các danh nhân,Vũ Văn Tôn (b.s.). - Thuận Hóa : Nxb. Thuận Hóa, 1999,1999,Phòng Mượn: VNM 031323-031325
ObjectId("5cab08f182ac8110ad8a3f9b"),17 truyện ngắn,Anh Đức. - H. : Văn học, 1984,1984,Phòng Mượn: VNM 023418-023424
ObjectId("5cab08f182ac8110ad8a3f9c"),17 truyện ngắn thành phố Hồ Chí Minh,Nguyễn Quang Sáng, Anh Đức, Viễn Phương.... - Tp. Hồ Chí Minh : Tác phẩm mới, 1982,1982,Phòng Mượn: VNM 010971-010973
ObjectId("5cab08f182ac8110ad8a3f9d"),175 thí nghiệm khoa học,Brenda Walpole ; Bạch Lan (dịch). - Long An : Nxb. Long An, 1990,1990,
ObjectId("5cab08f182ac8110ad8a3f9e"),18 truyện ngắn Hà Nội,Lê Bầu, Đỗ Chu, Trần Dũng,.... - H. : Tác phẩm mới, 1984,1984,Phòng Mượn: VNM 016181-016187
ObjectId("5cab08f182ac8110ad8a3f9f"),180 sơ đồ kế toán doanh nghiệp, 22 chuẩn mực kế toán,Võ Văn Nhị. - H. : Tài chính, 2005,2005,
ObjectId("5cab08f182ac8110ad8a3fa0"),192 bài thơ chữ Hán của Nguyễn Du,Nguyễn Du ; Bùi Hạnh Cẩn (dịch). - H. : Văn hóa thông tin, 1995,1995,Phòng Mượn: VNM 029650-029651
ObjectId("5cab08f182ac8110ad8a3fa1"),192 bài thơ chữ Hán của Nguyễn Du,Bùi Hạnh Cẩn (biên dịch và chú thích). - H. : Văn hóa Thông tin, 1998,1998,Phòng Mượn: VNM 029755-029756
ObjectId("5cab08f182ac8110ad8a3fa2"),195 hỏi đáp khoa học lý thú,Vũ Bội Tuyền (ch.b.), Văn Thị Đức. - H. : Thanh niên, 2002,2002,Phòng Mượn: VNM 036070-036079
ObjectId("5cab08f182ac8110ad8a3fa3"),20 bộ đề trắc nghiệm hóa học 12,Phạm Đức Bình, Lê Thị Tâm, Nguyễn Thị Vân Anh. - H. : Đại học Sư phạm Hà Nội, 2008,2008,
ObjectId("5cab08f182ac8110ad8a3fa4"),200 bài luận tiếng Anh,Đặng Kim Chi. - Đồng Nai : Nxb. Đồng Nai, 1997,1997,
ObjectId("5cab08f182ac8110ad8a3fa5"),200 bài toán chọn lọc về hệ thức lượng giác trong tam giác,Nguyễn Thượng Võ. - H. : [Knxb], 1989,1989,Phòng Mượn: VNM 027148-027153
ObjectId("5cab08f182ac8110ad8a3fa6"),200 Câu hỏi và giải đáp về hợp đồng lao động. - H. : Lao động Xã hội, 2000,,2000,Phòng Mượn: VNM 033153-033154
ObjectId("5cab08f182ac8110ad8a3fa7"),2000 mẫu câu thông dụng trong đàm thoại tiếng Anh,Lê Huy Lâm, Trương Hoàng Duy. - Tp. Hồ Chí Minh : Nxb. Tp. Hồ Chí Minh, 2001,2001,
ObjectId("5cab08f182ac8110ad8a3fa8"),2006 international building code companion,R. Dodge Woodson. - NewYork : McGraw Hill, 2007,2007,
ObjectId("5cab08f182ac8110ad8a3fa9"),202 useful exercises for IELTS,Garry Adams, Terry Peck. - Tp. Hồ Chí Minh : Nxb. Tp. Hồ Chí Minh, 2005,2005,
ObjectId("5cab08f182ac8110ad8a3faa"),207 phương pháp giải và giải bài toán chọn lọc lớp 11,Võ Đại Mau, Võ Đại Hoài Đức. - T.p Hồ Chí Minh : Nxb. Trẻ, 1995,1995,Phòng Giáo trình: VNG 01741:0001->0015
ObjectId("5cab08f182ac8110ad8a3fab"),20th century bookkeeping and accounting,Lewis D. Boynton, Paul A. Carlson, Hamden L. Forkner, Robert M. Swanson. - Cincinnati : South-Western publishing Company, 1967,1967,
ObjectId("5cab08f182ac8110ad8a3fac"),20th century bookkeeping and accounting,Lewis D. Boynton, Paul A. Carlson, Handen L. Forkner, Robert M. Swanson. - Cincinnati : South-Western Publishing Company, 1968,1968,
ObjectId("5cab08f182ac8110ad8a3fad"),21 truyện ngắn quân đội,Triệu Bôn, Nam Cao, Nguyễn Minh Châu,.... - H. : Tác phẩm mới, 1984,1984,Phòng Mượn: VNM 017500-017506
ObjectId("5cab08f182ac8110ad8a3fae"),210 bài tập ngữ pháp và đọc hiểu điền từ môn tiếng Anh,Võ Nguyễn Xuân Tùng. - Tp. Hồ Chí Minh : Nxb. Trẻ, 2002,2002,
ObjectId("5cab08f182ac8110ad8a3faf"),212 câu hỏi và trả lời luật bóng rổ,Đinh Can. - H. : Thể dục Thể thao, 1980,1980,
ObjectId("5cab08f182ac8110ad8a3fb0"),213 mẫu chữ đẹp,Hùng Thắng. - H. : Thanh niên, 2001,2001,Phòng Mượn: VNM 034744-034748
ObjectId("5cab08f182ac8110ad8a3fb1"),216 câu hỏi-đáp về bộ luật tố tụng hình sự,Trần Đông Phong. - Cà Mau : Nxb. Mũi Cà Mau, 2001,2001,Phòng Mượn: VNM 038553-038554
ObjectId("5cab08f182ac8110ad8a3fb2"),21st century astronomy,Jeff Hester, David Burstein, George Blumenthal,.... - New York : W. W. Norton & Company, 2007,2007,
ObjectId("5cab08f182ac8110ad8a3fb3"),21st century astronomy,Jeff Hester, David Burstein, George Blumenthal,.... - NewYork : Norton, 2002,2002,
ObjectId("5cab08f182ac8110ad8a3fb4"),21st century astronomy,Jeff Hester, David Burstein, George Blumenthal,.... - New York : W. W. Norton & Company, 2007,2007,
ObjectId("5cab08f182ac8110ad8a3fb5"),22 Bí quyết quản lý hiệu quả,John H. Zener. - Tp. Hồ Chí Minh : Nxb. Trẻ, 2001,2001,Phòng Mượn: VNM 033292-033293
ObjectId("5cab08f182ac8110ad8a3fb6"),22.000 từ thi TOEFL,Harold Levine ; Người dịch : Trần Thanh Sơn,.... - Tp. Hồ Chí Minh : Nxb. Tp. Hồ Chí Minh, 2000,2000,
ObjectId("5cab08f182ac8110ad8a3fb7"),22.000 Vocabulary for TOEFL,Harold Levine. - Longman, 1991,1991,
ObjectId("5cab08f182ac8110ad8a3fb8"),22.000 vocabulary for Toefl,Harold Levine. - London : Longman, 1994,1994,
ObjectId("5cab08f182ac8110ad8a3fb9"),23 phương pháp chuyên đề bất đẳng thức và toán cực trị lượng giác,Nguyễn Đức Đồng, Nguyễn Văn Vĩnh. - T.p Hồ Chí Minh : Nxb.Trẻ, 1999,1999,Phòng Mượn: VNM 031982-031986
ObjectId("5cab08f182ac8110ad8a3fba"),25 năm chiến đấu và thắng lợi của Đảng nhân dân cách mạng Lào,Cay Xỏn Phôn Vi Hản. - H. : Sự thật, 1980,1980,Phòng Mượn: VNM 017894-017898
ObjectId("5cab08f182ac8110ad8a3fbb"),25 năm chiến đấu và thắng lợi của Đảng nhân dân cách mạng Lào,Cay Xỏn Phôn Vi Hản. - H. : Sự thật, 1980,1980,Phòng Mượn: VNM 017893-017898
ObjectId("5cab08f182ac8110ad8a3fbc"),25 năm đại học sư phạm Quy Nhơn (1977-2002) . - Quy Nhơn : Trường Đại học Quy nhơn, 2002,,2002,Phòng Mượn: VNM 038213-038227
ObjectId("5cab08f182ac8110ad8a3fbd"),25 năm hữu nghị và phát triển,Andrew Hardy. - H. : Nxb. Thông Tấn, 2015,2015,
ObjectId("5cab08f182ac8110ad8a3fbe"),250 bài tập hoá học chọn lọc,Đào Hữu Vinh. - H. : Hà Nội, 2001,2001,Phòng Mượn: VNM 032191-032195
ObjectId("5cab08f182ac8110ad8a3fbf"),250 bài tập kỹ thuật điện tử,Nguyễn Thanh Trà, Thái Vĩnh Hiển. - H. : Giáo dục, 2010,2010,
ObjectId("5cab08f182ac8110ad8a3fc0"),250 bài thuốc đặc trị chữa bệnh phụ nữ. - Hà Bắc : Y học dân tộc Hà Bắc, 1991,,1991,
ObjectId("5cab08f182ac8110ad8a3fc1"),250 mẫu thường dùng trong việc soạn thảo văn bản quản lý và kinh doanh,Hồ Ngọc Cẩn. - H. : Thống kê, 2001,2001,Phòng Mượn: VVM 004180-004181
ObjectId("5cab08f182ac8110ad8a3fc2"),250lơì khuyên thực hành ,Nguyễn Tuấn Việt. - Đồng Tháp : Nxb. Đồng Tháp, 1991,1991,
ObjectId("5cab08f182ac8110ad8a3fc3"),260 mẫu thư tín Pháp-Việt,L. Albert ; Huỳnh Trung Hậu (dịch). - Tp. Hồ Chí Minh : Nxb. Tp. Hồ Chí Minh, 2001,2001,
ObjectId("5cab08f182ac8110ad8a3fc4"),265 câu hỏi và trả lời về tổ chức và cán bộ. - H. : Chính trị Quốc gia, 1999,,1999,
ObjectId("5cab08f182ac8110ad8a3fc5"),265 troubleshooting strategies for writing nonfiction,Barbara Fine Clouse. - New York : McGraw Hill, 2005,2005,
ObjectId("5cab08f182ac8110ad8a3fc6"),27 truyện ngắn Mỹ chọn lọc. - H. : Thế giới, 1998,,1998,Phòng Mượn: VNM 030179-030180
ObjectId("5cab08f182ac8110ad8a3fc7"),270 đề và bài văn lớp 12,Bùi Qunag Huy, TRần Châu Thưởng. - Tp. Hồ Chí Minh : Đại học Quốc gia thành phố Hồ Chí Minh, 2008,2008,
ObjectId("5cab08f182ac8110ad8a3fc8"),3...2...1...Circus !,William Wegman. - New York : Penguin Group, 2014,2014,
ObjectId("5cab08f182ac8110ad8a3fc9"),30 bài khẩu ngữ tiếng Hoa về ngoại thương,Dịch : Trần Xuân Ngọc Lan, Nguyễn Thị Tân. - Tp. Hồ Chí Minh : Nxb. Trẻ, 1998,1998,
ObjectId("5cab08f182ac8110ad8a3fca"),30 bộ đề kiểm tra tự luện và trắc nghiệm sinh học 11,Huỳnh Quốc Thành. - H. : Đại học Quốc gia Hà Nội, 2007,2007,
ObjectId("5cab08f182ac8110ad8a3fcb"),30 câu hỏi và trả lời về nghị quyết 26 của bộ chính trị. - H. : Thanh niên, 1986,,1986,Phòng Mượn: VNM 024386-024388
ObjectId("5cab08f182ac8110ad8a3fcc"),30 đề ôn luyện tiếng Việt cuối bậc tiểu học,Lê Hữu Tỉnh, Lê Phương Nga, Phạm Thế Sâm,.... - H. : Giáo dục, 2002,2002,Phòng Giáo trình: VNG 02656:0001->0045
ObjectId("5cab08f182ac8110ad8a3fcd"),30 năm phát triển kinh tế và văn hóa của nước Việt Nam dân chủ cộng hòa. - H. : Sự thật, 1978,,1978,Phòng Mượn: VNM 016424-016425, 007744-007750, 018697-018700
ObjectId("5cab08f182ac8110ad8a3fce"),30 tháng 4,Nguyễn Viết Tá, Lê Khả Phiêu, Nguyễn Trần Thiết,.... - Tp. Hồ Chí Minh : Nxb. Tp. Hồ Chí Minh, 1985,1985,Phòng Mượn: VNM 022614-022616
ObjectId("5cab08f182ac8110ad8a3fcf"),30 tháng 4 ... chuyện những người tháo chạy,Kim Lĩnh. - Tp. Hồ Chí Minh : Nxb. Tp. Hồ Chí Minh, 1987,1987,Phòng Mượn: VNM 025579
ObjectId("5cab08f182ac8110ad8a3fd0"),300 bài tập phong cách học tiếng việt,Đinh Trọng Lạc. - H. : Giáo dục, 1999,1999,Phòng Giáo trình: VNG 02574:0001->0025
ObjectId("5cab08f182ac8110ad8a3fd1"),300 câu hội thoại tiếng Quảng và tiếng phổ thông,Nguyễn Hữu Trí. - Cà Mau : Mũi Cà Mau, 2001,2001,Phòng Mượn: NNM 001847-001848400/H 000133-000135
ObjectId("5cab08f182ac8110ad8a3fd2"),300 mẫu thư tín tiếng Anh cần thiết trong đời sống hàng ngày,Phương Nghi, Đỗ Nam Chi ; Trương Hoàng Chi (dịch). - Tp. Hồ Chí Minh : Nxb. Tp. Hồ Chí Minh, 1995,1995,
ObjectId("5cab08f182ac8110ad8a3fd3"),300 sáng kiến cải tiến kỹ thuật trong gia công cơ khí,Phạm Quang Lê (b.s.) ; Nguyễn Mạnh Khang (h.đ.). - H. : Công nhân kỹ thuật, 1984,1984,Phòng Mượn: VNM 017899-017900
ObjectId("5cab08f182ac8110ad8a3fd4"),300 solved problems in organic chemistry,Estelle K. Meislich, Herbert Meislich, Joseph Scharefkin. - New York : McGraw Hill, 1994,1994,
ObjectId("5cab08f182ac8110ad8a3fd5"),300 tình huống giao tiếp sư phạm,Hoàng Anh, Đỗ Thị Châu. - H. : Giáo dục, 2010,2010,Phòng Mượn: VNM 040789-040792
ObjectId("5cab08f182ac8110ad8a3fd6"),300 tình huống giao tiếp sư phạm,Hoàng Anh, Đỗ Thị Châu. - H. : Giáo dục, 2013,2013,
ObjectId("5cab08f182ac8110ad8a3fd7"),301 câu đàm thoại tiếng Hoa,Học viện Ngôn ngữ Bắc Kinh ; Bùi Nguyên Long (dịch). - H. : Thế giới, 2000,2000,
ObjectId("5cab08f182ac8110ad8a3fd8"),301 câu đàm thoại tiếng Hoa,Vương Hải Minh (h.đ.) ; Đạt Sĩ (dịch). - Tp. Hồ Chí Minh : Đại học Quốc gia, 2001,2001,
ObjectId("5cab08f182ac8110ad8a3fd9"),306 sơ đồ kế toán doanh nghiệp,Võ Văn Nhị. - H. : Tài chính, 2005,2005,
ObjectId("5cab08f182ac8110ad8a3fda"),31 bài kiểm tra trắc nghiệm sinh học 10,Lê Thị Kim Dung. - H. : Đại học Quốc gia Hà Nội, 2007,2007,
ObjectId("5cab08f182ac8110ad8a3fdb"),321 sơ đồ hoạch toán kế toán doanh nghiệp,Nguyễn Văn Nhiệm. - H. : Thống kê, 1999,1999,Phòng Mượn: VVM 003699-003703
ObjectId("5cab08f182ac8110ad8a3fdc"),325 câu hỏi và trả lời về luật bóng đá,Hoài Sơn, Trần Bảy. - H. : Thể dục thể thao, 1983,1983,Phòng Mượn: VNM 022575-022576, 015304, 015306
ObjectId("5cab08f182ac8110ad8a3fdd"),326 selected essays and writings for all purposes, topics and levels,S. Srinivasan. - Tp. Hồ Chí Minh : Nxb. Trẻ, 1997,1997,
ObjectId("5cab08f182ac8110ad8a3fde"),326 selected essays and writings for all purposes. Topics and levels,S. Srinivasan. - Tp. Hồ Chí Minh : Nxb. Trẻ, 1995,1995,
ObjectId("5cab08f182ac8110ad8a3fdf"),33 đề thi xác suất thống kê,Đặng Hấn. - H. : Thống kê, 1996,1996,Phòng Giáo trình: VNG 02648:0001->0045
ObjectId("5cab08f182ac8110ad8a3fe0"),33 truyện ngắn chọn lọc 1945-1975,Triệu Bôn, Nguyễn Văn Bổng, Nam Cao,.... - H. : Nxb. Tác phẩm mới, 1976,1976,Phòng Mượn: VVM 000964-000969
ObjectId("5cab08f182ac8110ad8a3fe1"),35 năm chiến đấu kiên cường và thắng lợi vẻ vang,Phạm Văn Đồng. - H. : Sự thật, 1980,1980,Phòng Mượn: VNM 017901-017903
ObjectId("5cab08f182ac8110ad8a3fe2"),35 năm chiến đấu và xây dựng. - H. : Sự thật, 1980,,1980,Phòng Mượn: VNM 021005-021012
ObjectId("5cab08f182ac8110ad8a3fe3"),35 năm chiến thắng và trưởng thành của quân đội nhân dân Việt Nam. - H. : Quân đội nhân dân, 1979,,1979,Phòng Mượn: VNM 016298-016300
ObjectId("5cab08f182ac8110ad8a3fe4"),35 năm góp mặt với đời. - H. : Văn hóa Thông tin, 2011,,2011,
ObjectId("5cab08f182ac8110ad8a3fe5"),35 năm kinh tế Việt Nam 1945-1980,Đào Văn Tập (ch.b.), Lê Hồng Tâm, Nguyễn Huy. - H. : Khoa học xã hội, 1980,1980,Phòng Mượn: VVM 001372-001373
ObjectId("5cab08f182ac8110ad8a3fe6"),35 năm phát triển sự nghiệp giáo dục phổ thông,Võ Thuần Nho, Hoàng Ngọc Di, Nguyễn Thị Bích Đào, .... - H. : Giáo dục, 1980,1980,Phòng Giáo trình: VNG 00005:0001->0005
ObjectId("5cab08f182ac8110ad8a3fe7"),35 năm sân khấu ca kịch cách mạng,Hà Văn Cầu, Hoàng Châu Ký, Hoàng Như Nam. - H. : Văn hóa, 1980,1980,Phòng Mượn: VNM 021073-021075
ObjectId("5cab08f182ac8110ad8a3fe8"),35 năm trưởng thành của các dân tộc thiểu số Việt Nam (1945-1980). - H. : Văn hoá, 1981,,1981,
ObjectId("5cab08f182ac8110ad8a3fe9"),350 bài tập thiết bị điện tử và mạch điện tử,Lê Trung Khánh. - H. : Thống kê, 2005,2005,
ObjectId("5cab08f182ac8110ad8a3fea"),3500 câu hội thoại Anh Việt trong mọi tình huống,Viên Quân. - Tp. Hồ Chí Minh : Nxb Trẻ, 1991,1991,
ObjectId("5cab08f182ac8110ad8a3feb"),3500 câu hội thoại Anh Việt trong mọi tình huống,Viên Quân. - Tp. Hồ Chí Minh : Nxb. Trẻ, 1991,1991,
ObjectId("5cab08f182ac8110ad8a3fec"),36 bí quyết để trở thành người lãnh đạo giỏi,Biên dịch : Đậu Văn Quyền, Việt Anh. - H. : Thông tấn, 2001,2001,Phòng Mượn: VNM 039215-039216
ObjectId("5cab08f182ac8110ad8a3fed"),36 kế cầu người,Đạt Nhân, Nguyễn Hồng Lân (dịch). - H. : Văn hóa Thông tin, 2000,2000,Phòng Mượn: VNM 035365-035367
ObjectId("5cab08f182ac8110ad8a3fee"),36 kế dùng người,Đạt Nhân ; Nguyễn Hồng Lân (dịch). - H. : Văn hoá Thông tin, 2000,2000,Phòng Mượn: VNM 035360-035364
ObjectId("5cab08f182ac8110ad8a3fef"),365 activities for fitness, food, and fun for the whole family,Julia E. Sweet. - NewYork : McGraw Hill, 2001,2001,
ObjectId("5cab08f182ac8110ad8a3ff0"),365 câu tiếng phổ thông Trung Quốc cho người Việt Nam tự học,Lê Kim Ngọc Tuyết. - H. : Khoa học Xã hội, 2002,2002,
ObjectId("5cab08f182ac8110ad8a3ff1"),380 phương thức điều chế và ứng dụng hoá học trong sản xuất và đời sống,Phạm Đình Trị. - Tp. Hồ Chí Minh : Nxb. Tp. Hồ Chí Minh, 1989,1989,Phòng Mượn: VVM 002686-002687
ObjectId("5cab08f182ac8110ad8a3ff2"),380 Phương thức điều chế và ứng dụng hóa học trong sản xuất và đời sống,Phạm Đình Trị. - Tp. Hồ Chí Minh : Nxb. Tp. Hồ Chí Minh, 1989,1989,
ObjectId("5cab08f182ac8110ad8a3ff3"),399 bài thuốc Đông y hiệu nghiệm,Dịch : Lâm Huy Nhuận, Hải Ngọc, Ngô Xuân Thiều. - H. : Văn hóa Thông tin, 2001,2001,Phòng Mượn: VNM 038436-038437
ObjectId("5cab08f182ac8110ad8a3ff4"),3D Studio Max 2.X. - H. : Nxb. Hà Nội, 2000,,2000,
ObjectId("5cab08f182ac8110ad8a3ff5"),3D Studio MAX 3 - Kỹ thuật đồ họa cao cấp,Bùi Kiến Quốc. - H. : Thống kê, 2000,2000,Phòng Giáo trình: VVG 00456:0001->0012
ObjectId("5cab08f182ac8110ad8a3ff6"),3G wireless networks,Clint Smith, Daniel Collins. - NewYork : McGraw Hill, 2002,2002,
ObjectId("5cab08f182ac8110ad8a3ff7"),40 bài luận Anh văn,Nguyễn Hoàng Ngọc, Nguyễn Văn Lý. - Thanh Hóa : Nxb. Thanh Hóa, 1996,1996,
ObjectId("5cab08f182ac8110ad8a3ff8"),40 bộ đề kiểm tra trắc nghiệm hóa học THPT 10,Ngô Ngọc An. - H. : Đại học Sư phạm Hà Nội,,
ObjectId("5cab08f182ac8110ad8a3ff9"),40 năm chiến thắng Điện Biên Phủ. - Bình Định : [Knxb], 1994,,1994,
ObjectId("5cab08f182ac8110ad8a3ffa"),40 năm chiến thắng Điện Biên Phủ. - Bình Định : Ban tuyên giáo tỉnh uỷ Bình Định, 1994,,1994,Phòng Mượn: VNM 028415-028416
ObjectId("5cab08f182ac8110ad8a3ffb"),40 năm lao động khoa học của giáo sư Văn Tạo. - H. : Viện sử học Việt Nam, 1995,,1995,
ObjectId("5cab08f182ac8110ad8a3ffc"),40 năm olympic toán học quốc tế (1959-2000),Vũ Dương Thụy (ch.b.), Nguyễn Văn Nho. - H. : Giáo dục, 2002,2002,Phòng Mượn: VVM 004041-004045
ObjectId("5cab08f182ac8110ad8a3ffd"),40 năm văn hóa nghệ thuật các dân tộc thiểu số Việt Nam 1945-1985,Nguyễn Văn Hiếu, Nông quốc Chấn, Tô Ngọc Thanh,.... - H. : Văn hóa, 1985,1985,Phòng Mượn: VNM 022934-022935
ObjectId("5cab08f182ac8110ad8a3ffe"),40 truyện ngắn (1965-1985) . - H. : Lao động, 1985,,1985,Phòng Mượn: VNM 023657-023658
ObjectId("5cab08f182ac8110ad8a3fff"),40 truyện ngụ ngôn hay nhất của Ê-Dốp,Blanche Winder (kể) ; Nguyệt Tú (biên dịch). - H. : Giáo dục, 1994,1994,Phòng Mượn: VNM 028943-028945
ObjectId("5cab08f182ac8110ad8a4000"),400 sơ đồ kế toán tài chính,Nguyễn Văn Công. - H. : Tài chính, 2000,2000,Phòng Mượn: VVM 003687-003691, 004428-004432
ObjectId("5cab08f182ac8110ad8a4001"),400 bài toán đại số chọn lọc,Vũ Dương Thụy, Trương Công Thành, Nguyễn Ngọc Đạm. - H. : Giáo dục, 1987,1987,Phòng Giáo trình: VNG 00792:0001->0012
ObjectId("5cab08f182ac8110ad8a4002"),44 công thức luyện nói tiếng Anh chuẩn mực,Nguyễn Hữu Dự. - Đồng Nai : Nxb. Đồng Nai, 1999,1999,
ObjectId("5cab08f182ac8110ad8a4003"),450 bài tập về lập trình C,Trần Văn Tư, Nguyễn Ngọc Tuấn. - H. : Thống kê, 2000,2000,Phòng Giáo trình: VVG 00331:0001->0044 
ObjectId("5cab08f182ac8110ad8a4004"),450 nhân vật nổi tiếng thế giới qua mọi thời đại,Hứa Văn Ân. - Tp. Hồ Chí Minh : Văn nghệ Tp. Hồ Chí Minh, 2001,2001,Phòng Mượn: VVM 003812
ObjectId("5cab08f182ac8110ad8a4005"),5 giờ 25 phút,Agatha Christie ; Vũ Đình Phòng (dịch). - H. : Nxb. Hội Nhà văn, 2000,2000,Phòng Mượn: VNM 039146-039148
ObjectId("5cab08f182ac8110ad8a4006"),5 tuần trên khinh khí cầu,Jules Verne ; Trọng Thảo (dịch). - H. : Thanh niên, 2000,2000,Phòng Mượn: VNM 034133-034135
ObjectId("5cab08f182ac8110ad8a4007"),50 bài tả tranh tiếng Anh,Nguyễn Thuần Hậu. - [K.đ] : Nxb. Đồng Nai, 1996,1996,
ObjectId("5cab08f182ac8110ad8a4008"),50 bài toán ứng dụng trong chăn nuôi,Đinh Văn Hiến. - H. : Nông nghiệp, 1983,1983,Phòng Mượn: VNM 015131-015133
ObjectId("5cab08f182ac8110ad8a4009"),50 bài văn được giải toàn quốc cuối bậc tiểu học,Trần Mạnh Hưởng (Tuyển chọn và nhận xét). - H. : Giáo dục, 1995,1995,Phòng Giáo trình: VNG 01554:0001->0017
ObjectId("5cab08f182ac8110ad8a400a"),50 bệnh án kinh nghiệm chẩn trị bằng thuốc nam,Nguyễn Khắc Nhân. - Tp. Hồ Chí Minh : Nxb. Tp. Hồ Chí Minh, 1991,1991,
ObjectId("5cab08f182ac8110ad8a400b"),50 câu hỏi chọn lọc và trả lời câu hỏi môn triết học,Vương Tấn Đạt, Nguyễn Thị Vân Hà. - H. : Chính trị Quốc gia, 2000,2000,Phòng Giáo trình: VNG 02456:0001->0040 
ObjectId("5cab08f182ac8110ad8a400c"),50 fast photoshop 7 techniques,Gregory Goerges. - NewYork : Wiley Publishing, 2002,2002,
ObjectId("5cab08f182ac8110ad8a400d"),50 năm hội nhà báo Việt Nam. - H. : [Knxb], 2001,,2001,
ObjectId("5cab08f182ac8110ad8a400e"),50 năm nhà xuất bản Văn học,B.s. : Hoàng Xuân, Đỗ Quyên, Lưu Nguyễn, Phạm Hồng Toàn. - H. : Văn học, 1998,1998,
ObjectId("5cab08f182ac8110ad8a400f"),50 năm phát triển sự nghiệp giáo dục và đào tạo (1945-1975),B.s. Trần Hồng Quân (ch.b.), Phạm Minh Hạc, Trần Chí Đào.... - H. : Giáo dục, 1995,1995,
ObjectId("5cab08f182ac8110ad8a4010"),50 năm phát triển sự nghiệp giáo dục và đào tạo 1945-1995,Trần Hồng Quân (tổng ch.b.),.... - H. : Giáo dục, 1995,1995,Phòng Giáo trình: VVG 00216:0001->0027
ObjectId("5cab08f182ac8110ad8a4011"),50 năm văn học Việt Nam sau Cách mạng tháng 8 ,Nguyễn Văn Đạo, Nguyễn Khoa Điềm, Nguyễn Văn Long,.... - H. : Đại học Quốc gia , 1996,1996,Phòng Mượn: VNM 029955, 029957
ObjectId("5cab08f182ac8110ad8a4012"),50 năm văn học Việt Nam sau Cách mạng tháng 8. - H. : Đại học Quốc gia Hà Nội, 1999,,1999,Phòng Giáo trình: VNG 02661:0001->0015
ObjectId("5cab08f182ac8110ad8a4013"),500 Bài tập hoá học,Đào Hữu Vinh. - H. : Giáo dục, 1996,1996,Phòng Mượn: VNM 030021-030022, 030024-030025
ObjectId("5cab08f182ac8110ad8a4014"),500 bài tập hoá học,Đào Hữu Vinh. - H. : Giáo dục, 1997,1997,Phòng Mượn: VNM 039200-039204
ObjectId("5cab08f182ac8110ad8a4015"),500 bài tập hóa học,Đào Hữu Vinh. - H. : Đại học và trung học chuyên nghiệp, 1986,1986,Phòng Mượn: VNM 024786-024788
ObjectId("5cab08f182ac8110ad8a4016"),500 bài toán cơ bản và mở rộng 10,Dương Đức Kim, Đỗ Duy Đồng. - H. : Đại học Quốc gia, 2006,2006,
ObjectId("5cab08f182ac8110ad8a4017"),500 bí quyết của người đảm đang,Hoàng Bắc (b.s.). - H. : Thanh niên, 2002,2002,Phòng Mượn: VNM 036375-036382
ObjectId("5cab08f182ac8110ad8a4018"),500 câu giao dịch thương mại Hoa-Việt-Anh,Trí Linh, Đồng Minh Tính. - Đồng Nai : Nxb. Đồng Nai, 1998,1998,
ObjectId("5cab08f182ac8110ad8a4019"),500 câu hỏi trắc nghiệm kinh tế học vi mô,Tạ Đức Khánh. - H. : Giáo dục, 2009,2009,Phòng Giáo trình: VVG 00719:0001->0015
ObjectId("5cab08f182ac8110ad8a401a"),500 câu thành ngữ và quán ngữ Việt-Anh thông dụng,Đinh Kim Quốc Bảo . - H. : Văn hóa Thông tin, 2001,2001,Phòng Mượn: NNM 001974-001975400/A 001394-001396
ObjectId("5cab08f182ac8110ad8a401b"),500 điều cấm kỵ trong cuộc sống hiện đại,Hoàng Bắc (b.s.). - H. : Thanh niên, 1999,1999,
ObjectId("5cab08f182ac8110ad8a401c"),500 mẫu câu tiếng Anh đặc biệt thông dụng,Đinh Kim Quốc Bảo . - H. : Văn hóa Thông tin, 2001,2001,
ObjectId("5cab08f182ac8110ad8a401d"),500 thành ngữ thông tục trong tiếng Anh hiện đại,Đinh Kim Quốc Bảo . - H. : Văn hóa Thông tin, 2001,2001,
ObjectId("5cab08f182ac8110ad8a401e"),500 Thành ngữ Tiếng Anh thông dụng trong giao tiếp hàng ngày,Đinh Kim Quốc Bảo. - H. : Văn hoá Thông tin, 2001,2001,Phòng Mượn: NNM 001976-001977400/A 001391-001393
ObjectId("5cab08f182ac8110ad8a401f"),501 câu đố dành cho học sinh tiểu học,Tuyển chọn và giới thiệu : Phạm Thu Yến, Lê Hữu Tỉnh, Trần Thị Lan. - H. : Giáo dục, 2002,2002,Phòng Mượn: VNM 038495-038504
ObjectId("5cab08f182ac8110ad8a4020"),501 công thức pha chế nước hoa quả và cocktail không cồn rượu,Bùi Xuân Mỹ (biên dịch). - H. : Văn hóa Thông tin, 2001,2001,Phòng Mượn: VNM 039576-039577
ObjectId("5cab08f182ac8110ad8a4021"),52 bài luyện dịch Việt Anh,Nguyễn Thuần Hậu. - Sông Bé : Tổng hợp Sông Bé, 1992,1992,
ObjectId("5cab08f182ac8110ad8a4022"),522 câu hỏi trắc nghiệm dao động cơ học và điện xoay chiều,Ha Văn Chính. - H. : Đại học Sư phạm Hà Nội, 2008,2008,
ObjectId("5cab08f182ac8110ad8a4023"),54 đề thi trắc nghiệm môn hoá học,Nguyễn Xuân Trường, Trần Trung Ninh. - Tp. Hồ Chí Minh : Đại học Quốc gia Tp.Hồ Chí Minh, 2008,2008,
ObjectId("5cab08f182ac8110ad8a4024"),540 câu hỏi và bài tập trắc nghiệm vật lí 10,Mai Trọng ý. - H. : Đại học Quốc gia Hà Nội, 2007,2007,
ObjectId("5cab08f182ac8110ad8a4025"),55 năm ngành học sư phạm Việt Nam (1946-2001). - H. : [Knxb], 2001,,2001,Phòng Mượn: VVM 003744-003745
ObjectId("5cab08f182ac8110ad8a4026"),55 năm xây dựng nhà nước của dân, do dân, vì dân một số vấn đề lý luận và thực tiễn,Lê Hữu Nghĩa. - H. : Chính trị Quốc gia, 2001,2001,
ObjectId("5cab08f182ac8110ad8a4027"),550 thuật ngữ chủ yếu trong pháp luật hình sự Việt Nam,Nguyễn Ngọc Điệp. - Tp. Hồ Chí Minh : Nxb. Tp. Hồ Chí Minh, 1997,1997,Phòng Mượn: VNM 033842-033843
ObjectId("5cab08f182ac8110ad8a4028"),56 truyện ngắn chọn lọc,Tô Hoài, Đoàn Thạch Biền, Lưu Quang Định,... ; Tuyển chọn : Hoàng Huệ Thu,.... - H. : Công an Nhân dân, 2000,2000,Phòng Mượn: VNM 037368-037377
ObjectId("5cab08f182ac8110ad8a4029"),6 hour guide to protecting your assets,Martin M. Shenkman. - Hoboken : John Wiley & Sons, 2003,2003,
ObjectId("5cab08f182ac8110ad8a402a"),60 năm liên ban cộng hoà xã hội chủ nghĩa Xô-Viết,I.V. An-Đrô-Pốp. - H. : Sự thật, 1983,1983,Phòng Mượn: VNM 013272-013273
ObjectId("5cab08f182ac8110ad8a402b"),60 ngày đêm giữ chợ Đồng Xuân,Vũ Tâm kể. - H. : Nxb. Hà Nội, 1987,1987,Phòng Mượn: VNM 025601
ObjectId("5cab08f182ac8110ad8a402c"),6000 câu giao tiếp tiếng Anh,Phạm Xuân Thảo. - Tp. Hồ Chí Minh : Nxb. Tp. Hồ Chí Minh, 1997,1997,
ObjectId("5cab08f182ac8110ad8a402d"),6000 câu giao tiếp tiếng Anh,Phạm Xuân Thảo (b.s.). - Tp. Hồ Chí Minh : Nxb. Trẻ, 2001,2001,
ObjectId("5cab08f182ac8110ad8a402e"),630 bài toán đại số-giải tích 11,Trịnh Bằng Giang. - Tp. Hồ Chí Minh : Nxb. Trẻ, 1995,1995,Phòng Giáo trình: VNG 01742:0001->0010
ObjectId("5cab08f182ac8110ad8a402f"),66 bài đọc hiểu môn tiếng Anh,Võ Nguyễn Xuân Tùng. - Tp. Hồ Chí Minh : Nxb. Trẻ, 2002,2002,
ObjectId("5cab08f182ac8110ad8a4030"),7 secrets of great entrepreneurial masters,Allen E. Fishman. - New York : McGraw Hill, 2006,2006,
ObjectId("5cab08f182ac8110ad8a4031"),7 thói quen tạo gia đình hạnh phúc,Stephen R.Covey ; Biên dịch : Vương Khánh Ly,.... - Tp. Hồ Chí Minh : Nxb. Trẻ, 2009,2009,
ObjectId("5cab08f182ac8110ad8a4032"),7 truyện hay của Pháp,Antoine Francois Prévost, Denis Diderot, Prosper. - H. : Nxb. Hội Nhà văn, 1999,1999,Phòng Mượn: VNM 037827-037829
ObjectId("5cab08f182ac8110ad8a4033"),7 truyện hay của Pháp,Prosper Mérimée, Guy De Maupassant, Francoi Sangan,... ; Dịch : Hoàng Hải,.... - H. : Nxb. Hội Nhà văn, 1999,1999,Phòng Mượn: VNM 037816, 037818
ObjectId("5cab08f182ac8110ad8a4034"),7 truyện hay Đông Âu,P. Veginov, J. Kolarova, C. Hein ; Dịch : Đỗ Hồng Chung,.... - H. : Nxb. Hội nhà văn, 1999,1999,
ObjectId("5cab08f182ac8110ad8a4035"),7 truyện hay Đông Âu. - H. : Nxb. Hội nhà văn, 1999,,1999,
ObjectId("5cab08f182ac8110ad8a4036"),7.500 câu đàm thoại Anh Việt thông dụng. - Đồng Nai : Nxb. Đồng Nai, 1999,,1999,
ObjectId("5cab08f182ac8110ad8a4037"),70 câu hỏi và gợi ý trả lời môn lịch sử Đảng Cộng sản Việt Nam,Nguyễn Đức Chiến, Đỗ Quang Ân. - H. : Đại học Quốc gia Hà Nội, 2000,2000,Phòng Mượn: VNM 038380-038389
ObjectId("5cab08f182ac8110ad8a4038"),70 năm công tác tuyên truyền của Đảng bộ Bình Định(1930-2000). - [Quy Nhơn] : Ban tuyên giáo Tỉnh uỷ Bình Định, 2004,,2004,
ObjectId("5cab08f182ac8110ad8a4039"),70 năm Đảng cộng sản Việt Nam. - H. : Thông Tấn, 2003,,2003,Phòng Mượn: VVM 005424-005425
ObjectId("5cab08f182ac8110ad8a403a"),70 PAN Tivi màu,W. Sorokine ; Phạm Nguyễn (dịch). - Long An : Nxb. Long An, 1990,1990,Phòng Mượn: VNM 027286-027288
ObjectId("5cab08f182ac8110ad8a403b"),734 chuyên đề về ngữ pháp tiếng Pháp cho mọi người,A. Hamon ; Nguyễn Văn Dương (dịch và biên soạn). - Tp. Hồ Chí Minh : Nxb. Trẻ, 2000,2000,Phòng Mượn: NNM 002270-002274
ObjectId("5cab08f182ac8110ad8a403c"),75 câu hỏi - đáp luyện thi vào đại học,Phùng Hữu Phú (ch.b.). - H. : Đại học và giáo dục chuyên nghiệp, 1988,1988,Phòng Mượn: VNM 025903-025905
ObjectId("5cab08f182ac8110ad8a403d"),75 readings,Santi V. Buscemi, Charlotte Smith. - Boston Burr Ridge : McGraw Hill, 2002,2002,
ObjectId("5cab08f182ac8110ad8a403e"),75 Readings,Santi V. Buscemi, Charlotte Smith. - Boston : McGraw Hill, 2004,2004,
ObjectId("5cab08f182ac8110ad8a403f"),75 readings,Santi V. Buscemi, Charlotte Smith. - Boston BurrRidge : McGraw Hill, 2007,2007,
ObjectId("5cab08f182ac8110ad8a4040"),75 readings plus,Santi V. Buscemi, Charlotte Smith. - Boston : McGraw Hill, 2004,2004,
ObjectId("5cab08f182ac8110ad8a4041"),75 readings plus,Santi V. Buscemi, Charlotte Smith. - Boston : McGraw Hill, 2007,2007,
ObjectId("5cab08f182ac8110ad8a4042"),750 Spanish verbs and their uses,Jan R. Zamir, Edgardo J. Pantigoso, Eduardo Estevanovich . - [S.L] : John Wiley & Sons, 1992,1992,
ObjectId("5cab08f182ac8110ad8a4043"),777 khái niệm ngôn ngữ học,Nguyễn Thiện Giáp. - H. : Đại học Quốc gia Hà Nội, 2010,2010,Phòng Mượn: VVM 005990-005994
ObjectId("5cab08f182ac8110ad8a4044"),800 câu hỏi bài tập trắc nghiệm đại lí 11,Tăng Văn Dom, Nguyễn Trùng Khánh, Nguyễn Đức Minh. - Tp. Hồ Chí Minh : Đại học Quốc gia thành phố Hồ Chí Minh, 2007,2007,
ObjectId("5cab08f182ac8110ad8a4045"),800 câu hỏi bài tập trắc nghiệm sinh học 11,Huỳnh Văn Hoài, Võ Hữu Tình. - Tp. Hồ Chí Minh : Đại học Quốc gia thành phố Hồ Chí Minh, 2007,2007,
ObjectId("5cab08f182ac8110ad8a4046"),800 solved problems in vector mechanics for engineers,Joseph F. Shelley. - NewYork : McGraw Hill, 1990,1990,
ObjectId("5cab08f182ac8110ad8a4047"),85 bài tập hướng dẫn hạch toán kế toán doanh nghiệp,Nguyễn Văn Nhiệm. - H. : Thống kê, 2000,2000,Phòng Mượn: VVM 003636-003640
ObjectId("5cab08f182ac8110ad8a4048"),85 chân dung văn hóa văn chương Việt,Phong Lê. - H. : Thông tin và Truyền thông, 2018,2018,Phòng Mượn: VVM 009943-009947
ObjectId("5cab08f182ac8110ad8a4049"),88 truyện ngụ ngôn,Văn Lợi. - Bình Trị Thiên : Hội Văn học Nghệ thuật, 1987,1987,Phòng Mượn: VNM 025871-025872
ObjectId("5cab08f182ac8110ad8a404a"),90 bài học Anh ngữ : tự học trong 90,Michel Savio, J. Berman, M. Marcheteau ; Hoàng Tâm (dịch). - Tp. Hồ Chí Minh : Nxb. Tp. Hồ Chí Minh, 1993,1993,
ObjectId("5cab08f182ac8110ad8a404b"),90 bài học Anh ngữ (tự học trong 90 ngày),Michel Savio, J. Berman, M. Marcheteau ; Hoàng Mai Tâm (dịch). - Tp. Hồ Chí Minh : Nxb. Tp. Hồ Chí Minh, 1993,1993,
ObjectId("5cab08f182ac8110ad8a404c"),90 bài học Anh ngữ (tự học trong 90 ngày),Michel Savio, J. Berman, M. Marcheteau ; Hoàng Mai Tâm (dịch). - Tp. Hồ Chí Minh : Nxb. Tp. Hồ Chí Minh, 1993,1993,Phòng Giáo trình: NNG 00028:0001->0015400/A 000443-000447
ObjectId("5cab08f182ac8110ad8a404d"),90 bài học Anh ngữ (tự học trong 90 ngày),Michel Savio, J. Berman, M. Marcheteau ; Hoàng Mai Tâm (dịch). - Tp. Hồ Chí Minh : Nxb. Tp. Hồ Chí Minh, 1993,1993,Phòng Ngoại văn: 4A 000677-000681
ObjectId("5cab08f182ac8110ad8a404e"),90 lần nhật nguyệt,Đỗ Trọng Khơi. - H. : Văn học, 2004,2004,Phòng Mượn: VNM 039947-039948
ObjectId("5cab08f182ac8110ad8a404f"),99 khoảnh khắc đời người,Zhang Zi Wen; Nguyễn An (dịch). - H. : Nxb. Hà Nội, 2002,2002,Phòng Mượn: VNM 035956-035958
ObjectId("5cab08f182ac8110ad8a4050"),99 phương tiện và biện pháp tu từ tiếng Việt,Đinh Trọng Lạc. - H. : Giáo dục, 1994,1994,Phòng Giáo trình: VNG 01940:0001->0028
ObjectId("5cab08f182ac8110ad8a4051"),99 tình khúc,Hoàng Cầm. - H. : Văn học, 1999,1999,Phòng Mượn: VNM 031330-031334
ObjectId("5cab08f182ac8110ad8a4052"),999 lời tục ngữ - ca dao Việt Nam về thực hành đạo đức,Nguyễn Nghĩa Dân. - H. : Khoa học Xã hội, 2015,2015,
ObjectId("5cab08f182ac8110ad8a4053"),A Basic meteorology,Carl R. Chelius, Hank J. Frentz. - Dubuque : Kendall, 1976,1976,
ObjectId("5cab08f182ac8110ad8a4054"),A beginner's guide to media communications,Val Gause. - Lincoln Wood : National Textbook, 1997,1997,
ObjectId("5cab08f182ac8110ad8a4055"),A beginner's guide to media communications,Val Gause. - Lincolnwood : National Textbook, 1997,1997,
ObjectId("5cab08f182ac8110ad8a4056"),A billion bootstraps,Phil Smith, Eric Thurman. - NewYork : McGraw Hill, 2007,2007,
ObjectId("5cab08f182ac8110ad8a4057"),A Bohemian brigrade,James M. Perry. - New York : John Wiley & Sons, 2000,2000,
ObjectId("5cab08f182ac8110ad8a4058"),A book of nonfiction,J.T. Browne. - New York : The Macmillan company, 1960,1960,
ObjectId("5cab08f182ac8110ad8a4059"),A brief history of computing,Gerard O'Regan. - NewYork : Springer, 2012,2012,
ObjectId("5cab08f182ac8110ad8a405a"),A Canadian writer's reference,Diana Hacker. - Boston : Bedford, 2009,2009,
ObjectId("5cab08f182ac8110ad8a405b"),A child's garden of verses,Robert Louis Stevenson. - London : Random, 1978,1978,
ObjectId("5cab08f182ac8110ad8a405c"),A child's world : intancy through adolescence,Diane E. Papalia, Sally Wendkos Olds, Ruth Duskin Feldman. - Boston BurrRidge : McGraw Hill, 2002,2002,
ObjectId("5cab08f182ac8110ad8a405d"),A closer look,Sidney I. Dobrin, Anis S. Bawarshi. - Boston Burr Ridge : McGraw Hill, 2003,2003,
ObjectId("5cab08f182ac8110ad8a405e"),A collection of problems on the equations of mathematical physics,A.V. Bitsadze, D.F. Kalinichenko. - Moscow : Mir, 1980,1980,
ObjectId("5cab08f182ac8110ad8a405f"),A communicative grammar,Elaine Kirn, Darey Jack ; Quang Huy (dịch). - H. : Thống kê, 2001,2001,
ObjectId("5cab08f182ac8110ad8a4060"),A comprehensive approach office core,Deborah Hinkle, Margaret Marple, Kathleen Stewart. - New York : McGraw Hill, 2002,2002,
ObjectId("5cab08f182ac8110ad8a4061"),A concise manual of pathogenic microbiology,Saroj K.Mishra, Dipti Agrawal. - Hoboken : Wiley-Blackwell, 2013,2013,
ObjectId("5cab08f182ac8110ad8a4062"),A Content-based writing book,Laurie Blass, Meredith Pike-Baky ; Quang Huy (dịch). - H. : Thống kê, 2001,2001,
ObjectId("5cab08f182ac8110ad8a4063"),A course in descriptive geometry translated from the Russian,V.O. Gordon ; Leonid Levant (dịch). - M. : Mir publishers , 1980,1980,
ObjectId("5cab08f182ac8110ad8a4064"),A course in English phonetics and phonology,Nguyễn Thị Thu Sương. - Quy Nhơn : Đại học Quy Nhơn, 2004,2004,
ObjectId("5cab08f182ac8110ad8a4065"),A course in functional analysis,John B. Conway. - NewYork : Springer, 1990,1990,
ObjectId("5cab08f182ac8110ad8a4066"),A course in mathematical analysis,Edouard Goursat. - NewYork : Dover Publications, 1904,1904,
ObjectId("5cab08f182ac8110ad8a4067"),A culture of purpose,Christoph Lueneburger. - San Francisco : Jossey-Bass, 2014,2014,
ObjectId("5cab08f182ac8110ad8a4068"),A declaration of interdependence,Hutton Will. - NewYork : W.W.Norton, 2003,2003,
ObjectId("5cab08f182ac8110ad8a4069"),A dictionary of who, what, and where in Shakespeare,Sandra Clark. - Lincolnwood : NTC, 2001,2001,
ObjectId("5cab08f182ac8110ad8a406a"),A double scotch,F. Paul Pacult. - Hoboken : John Wiley & Sons, 2005,2005,
ObjectId("5cab08f182ac8110ad8a406b"),A farewell to arms,Ernest Hemingway. - London : David Campbell, 1993,1993,
ObjectId("5cab08f182ac8110ad8a406c"),A first book in comprehension precis and composition,G. Alexander ; Trần Quỳnh Dân (dịch). - H. : Thông tin, 1989,1989,
ObjectId("5cab08f182ac8110ad8a406d"),A first course in business English,Colin Benn, Paul Dummett. - Oxford : Macmillan, 1992,1992,
ObjectId("5cab08f182ac8110ad8a406e"),A first look at communication theory,Em Griffin. - Boston BurrrRidge : McGraw Hill, 2000,2000,
ObjectId("5cab08f182ac8110ad8a406f"),A flier in oil,Anthony Kirk. - San Francisco : [S.l.], 2000,2000,
ObjectId("5cab08f182ac8110ad8a4070"),A Glimpse into Britain,E.d: Hoang Thi Giang Lam, Do Thi Phi Nga, Bui Thi Bich Thuy. - H. : University of education publ, 2015,2015,
ObjectId("5cab08f182ac8110ad8a4071"),A guide to business and social letters,Milon Nandy ; Nguyễn Dương Khư (dịch). - H. : Giáo dục, 1996,1996,
ObjectId("5cab08f182ac8110ad8a4072"),A guide to ethics,Steven Luper. - Boston Burr Ridge : McGraw Hill, 2002,2002,
ObjectId("5cab08f182ac8110ad8a4073"),A guide to everyday economic statistics,Gary E. Clayton, Martin Gerhard Giesbrecht, Feng Guo . - NewYork : McGraw Hill, 2010,2010,
ObjectId("5cab08f182ac8110ad8a4074"),A guide to observation, participation, and reflection in the classroom ,Arthea J. S. Reed, Verna E. Bergemann. - New York : McGraw-Hill, 2001,2001,
ObjectId("5cab08f182ac8110ad8a4075"),A guide to reflective practice for new and experienced teachers,Hope J. Hartman. - Boston BurrRidge : McGraw Hill, 2010,2010,
ObjectId("5cab08f182ac8110ad8a4076"),A guided tour of selections from Aristole's Nicomachean ethics,Chritopher Biffle. - California : Mayfield publishing, 1991,1991,
ObjectId("5cab08f182ac8110ad8a4077"),A hero of our time,Mikhall Lermontov ; Vladimir Nabokov (dịch). - London : David Campbell, 1992,1992,
ObjectId("5cab08f182ac8110ad8a4078"),A history and philosophy of sport and physical education,Robert A. Mechikoff, Steven G. Estes. - Boston Burr Ridge : McGrraw Hill, 2002,2002,
ObjectId("5cab08f182ac8110ad8a4079"),A history of algorithms,Jean-Luc Chabert. - Berlin : Springer, 1999,1999,
ObjectId("5cab08f182ac8110ad8a407a"),A history of alternative dispute resolution,Jerome T. BarrettJoseph P. Barrett. - San Francisco : John Wiley & Sons, 2004,2004,
ObjectId("5cab08f182ac8110ad8a407b"),A history of China,J.A.G. Roberts. - Houndmills : Macmillan, 1999,1999,
ObjectId("5cab08f182ac8110ad8a407c"),A history of edication in American culture,R.F. Butts, L.A. Creamin. - New York : Holt, Rinehart and Winston, 1966,1966,
ObjectId("5cab08f182ac8110ad8a407d"),A history of modern computing,Paul E. Ceruzzi. - London : Mit press, 2003,2003,
ObjectId("5cab08f182ac8110ad8a407e"),A history of modern Europe,John Merriman. - NewYork : W.W.Norton & Company, 1996,1996,
ObjectId("5cab08f182ac8110ad8a407f"),A history of narrative film,David A. Cook. - NewYork : W.W. Norton & Company, 1996,1996,
ObjectId("5cab08f182ac8110ad8a4080"),A history of the modern world,R. R. Palmer, Joel Colton, Lloyd Kramer. - Boston : McGraw Hill, 2007,2007,
ObjectId("5cab08f182ac8110ad8a4081"),A history of western art. - Boston Burr Ridge : McGraw Hill, 2005,,2005,
ObjectId("5cab08f182ac8110ad8a4082"),A house for Mr Biswas,V.S. Naipaul. - London : David Campbell, 1995,1995,
ObjectId("5cab08f182ac8110ad8a4083"),A laboratory for General, organic, and biochemistry,Charles H. Henrickson, Larry C. Byrd, Norman W. Hunter. - Boston : McGraw Hill, 2007,2007,
ObjectId("5cab08f182ac8110ad8a4084"),A laboratory guide to human physiology,Stuart Ira Fox. - Boston Burr Ridge : McGraw Hill, 2006,2006,
ObjectId("5cab08f182ac8110ad8a4085"),A listening / Speaking skills book,Judith Tanka ; Quang Huy (dịch). - H. : Thống kê, 2001,2001,
ObjectId("5cab08f182ac8110ad8a4086"),A magic ride in foozbah - land,Jean Bestchart. - New York : John Wiley & sons, 1995,1995,
ObjectId("5cab08f182ac8110ad8a4087"),A manual of engineering drawing for students and draftsmen,Thomas E. French. - NewYork : McGraw Hill, 1935,1935,
ObjectId("5cab08f182ac8110ad8a4088"),A midsummer night's dream,William Shakespeare. - Evanston : McDougal Littell, 1997,1997,
ObjectId("5cab08f182ac8110ad8a4089"),A midsummer night's dream,William Shakespeare. - Evanston, U.S.A : McDougal Littell, 1997,1997,
ObjectId("5cab08f182ac8110ad8a408a"),A nation on fire,Clay Risen_. - Hoboken : John Wiley & Sons, 2009,2009,
ObjectId("5cab08f182ac8110ad8a408b"),A new nation,James A. Banks, Barry K. Beyer, Gloria Contreras. - New York : McGraw Hill, 2000,2000,
ObjectId("5cab08f182ac8110ad8a408c"),A nineteeth Century American reader,M. Thomas Inge. - Washington : United States Department of State, 2001,2001,
ObjectId("5cab08f182ac8110ad8a408d"),A Passage to India,E.M. Forster. - London : David Campbell, 1991,1991,
ObjectId("5cab08f182ac8110ad8a408e"),A plague of rats and rubbervines,Yvonne Baskin. - Washington : Island press, 2002,2002,
ObjectId("5cab08f182ac8110ad8a408f"),A portrait of the artist as a young man,James Joyce. - London : David Campbell, 1991,1991,
ObjectId("5cab08f182ac8110ad8a4090"),A poverty profile of Cambodia,Nicholas Prescott, Menno Pradhan. - Washington : The World bank, 1997,1997,
ObjectId("5cab08f182ac8110ad8a4091"),A practical English grammar,A.J. Thomson, A.V. Martinet. - Walton : Oxford University, 1987,1987,
ObjectId("5cab08f182ac8110ad8a4092"),A Practical English Grammar,A.J. Thomson, A.V. Martinet ; Vũ Thị Phương Anh (dịch). - Tp. Hồ Chí Minh : Nxb. Trường Đại học Tổng hợp Tp. Hồ Chí Minh, 1991,1991,
ObjectId("5cab08f182ac8110ad8a4093"),A Practical English grammar,A.J. Thomson, A.V. Martinet. - Oxford : Oxford University, 1991,1991,
ObjectId("5cab08f182ac8110ad8a4094"),A problem book in mathematical analysis,G.N. Berman. - M. : Mir, 1980,1980,
ObjectId("5cab08f182ac8110ad8a4095"),A programmer's guide to Java certification,Khalid A. Mughal, Rolf W. Rasmussen. - England : Addison-Wesley, 2000,2000,
ObjectId("5cab08f182ac8110ad8a4096"),A propos de l'éducation ,Anatole Lounatcharski. - Moscow : Progrès, 1984,1984,
ObjectId("5cab08f182ac8110ad8a4097"),A raisin in the sun,Lorraine Hansberry. - Evanston, U.S.A : McDougal Littell, 1997,1997,
ObjectId("5cab08f182ac8110ad8a4098"),A Reader's Guide to making America,Luther S. Luedtke. - Washing : United States Department of State, 2000,2000,
ObjectId("5cab08f182ac8110ad8a4099"),A reading skills book,Brenda Wegmann, Miki Prijic Knezevic ; Quang Huy (dịch). - H. : Thống kê, 2001,2001,Phòng Mượn: NVM 000158-000162400/A 001331-001135
ObjectId("5cab08f182ac8110ad8a409a"),A rise mystery,Darrell H.Y. Lum. - New york : McGraw Hill, [20?],2001,
ObjectId("5cab08f182ac8110ad8a409b"),A sports man's notebook,Ivan Turgenev ; Dịch : Charles,.... - London : David Campbell, 1992,1992,
ObjectId("5cab08f182ac8110ad8a409c"),A story of Texas liberation,G. Clifton Wisler. - Lincolnwood : Contemporary, 2000,2000,
ObjectId("5cab08f182ac8110ad8a409d"),A student handbook for writing in biology,Karin Knisely. - Sun derland : Sinauer, 2009,2009,
ObjectId("5cab08f182ac8110ad8a409e"),A sun within a sun,Claire Chi-ah Lyu. - Pittsburgh : Pittsburgh press, 2006,2006,
ObjectId("5cab08f182ac8110ad8a409f"),A supplement to introduction to matlab 6 for engineers simulink introduction to matlab 6 for engineers ,William J. Palm. - Boston Burr Ridge : McGraw-Hill, 2001,2001,
ObjectId("5cab08f182ac8110ad8a40a0"),A synoptic approach for analyzing erosion as a guide to land - Use planing,William M. Brown III, Walter G. Hines, David A. Rickert, Gary L. Beach. - Arlington : United States Department of the interior, 1979,1979,
ObjectId("5cab08f182ac8110ad8a40a1"),A systems approach to small group interaction,Stewart L. Tubbs. - Boston : McGraw Hill, 2007,2007,
ObjectId("5cab08f182ac8110ad8a40a2"),A tale of two cities,Dickens Charles. - London : David Campbell, 1993,1993,
ObjectId("5cab08f182ac8110ad8a40a3"),A textbook of modern toxicology,Ernest Hodgson, Patricia E. Levi. - Boston : McGraw Hill, 2000,2000,
ObjectId("5cab08f182ac8110ad8a40a4"),A topical approach to life - span development,John W. Santrock. - Boston BurrRidge : McGraw Hill, 2002,2002,
ObjectId("5cab08f182ac8110ad8a40a5"),A topical approach to life-span development,John W. Santrock. - Boston Burr Ridge : McGraw Hill, 2005,2005,
ObjectId("5cab08f182ac8110ad8a40a6"),A transactional perpective on teaching and learning,D. Randy Garrison, Walter Archer. - Amsterdam : Pergamon, 2000,2000,
ObjectId("5cab08f182ac8110ad8a40a7"),A translation course for 3rd, 4th and 5th year students,Đặng Thanh Phương (b.s.). - Quy Nhơn : Trường Đại học Quy nhơn, 1995,1995,
ObjectId("5cab08f182ac8110ad8a40a8"),A troubleshooting guide for writers,Barbara Fine Clouse. - Boston : McGraw Hill, 2010,2010,
ObjectId("5cab08f182ac8110ad8a40a9"),A troubleshooting guide for writers,Barbara Fine Clouse. - Boston BurrRidge : McGraw Hill, 2010,2010,
ObjectId("5cab08f182ac8110ad8a40aa"),A twentieth - century American Reader,Jack Lane, Maurice O' Sullivan. - Washington : U.S Department of State, 1999,1999,
ObjectId("5cab08f182ac8110ad8a40ab"),A university grammar of English,Randolph Quirk, Sidney Greenbaum. - Harlow : Longman, 1987,1987,
ObjectId("5cab08f182ac8110ad8a40ac"),A vidication of the rights of woman,Mary Wollstonecraft. - London : David Campbell, 1992,1992,
ObjectId("5cab08f182ac8110ad8a40ad"),A Voóc Hồ,Lê Quảng Ba, Thuý Bách, Chu Văn Tấn,.... - H. : Văn hóa dân tộc, 1977,1977,Phòng Mượn: VNM 014002-014004
ObjectId("5cab08f182ac8110ad8a40ae"),A wellness way of life,Gwen Robbins, Debbie Powers, Sharon Burgess. - Boston Burr Ridge : McGraw Hill, 2002,2002,
ObjectId("5cab08f182ac8110ad8a40af"),A woman's Self - Esteem,Nathaniel Branden. - NewYork : Jossey-Bass, 1998,1998,
ObjectId("5cab08f182ac8110ad8a40b0"),A world of diversity,Faun Bernbach Evans. - Illinois : NTC, 1997,1997,
ObjectId("5cab08f182ac8110ad8a40b1"),A wrinkle in time,Madeleine L'Engle. - Evanston, U.S.A : McDougal Littell, 1997,1997,
ObjectId("5cab08f182ac8110ad8a40b2"),A writer's reference,Diana Hacker. - Boston : Bedford, 2009,2009,
ObjectId("5cab08f182ac8110ad8a40b3"),A writer's reference,Diana Hacker. - Boston : Bedford, 2009,2009,
ObjectId("5cab08f182ac8110ad8a40b4"),A writer's reference,Diana Hacker. - Boston : Bedford, 2009,2009,
ObjectId("5cab08f182ac8110ad8a40b5"),A writer's reference,Diana Hacker. - Boston : Bedford, 2009,2009,
ObjectId("5cab08f182ac8110ad8a40b6"),A Writer's resource,Elaine P. Maimon, Janice H. Peritz. - Boston : McGraw Hill, 2003,2003,
ObjectId("5cab08f182ac8110ad8a40b7"),A writer's resource,Elaine P. Maimon, Janice H. Peritz. - New York : McGraw-Hill, 2003,2003,
ObjectId("5cab08f182ac8110ad8a40b8"),A writer's resource,Elaine P. Maimon, Janice H. Peritz, Kathleen Blake Yancey. - Boston : McGraw Hill, 2007,2007,
ObjectId("5cab08f182ac8110ad8a40b9"),A writer's resource,Elaine P. Maimon, Jaanice H. Peritz, Kathleen Blaake Yancey. - Boston : McGraw-Hill, 2010,2010,
ObjectId("5cab08f182ac8110ad8a40ba"),A writer's resource,Elaine P. Maimon, Janice H. Peritz, Kathleen Blake Yancey. - New York : McGraw-Hill, 2012,2012,
ObjectId("5cab08f182ac8110ad8a40bb"),A writer's resource,Elaine P. Maimon, Janice H. Peritz. - NewYork : McGraw-Hill, 2012,2012,
ObjectId("5cab08f182ac8110ad8a40bc"),A writing process book,Margaret Keenan Segal, Cheryl Pavlik ; Quang Huy (dịch). - H. : Thống kê, 2001,2001,
ObjectId("5cab08f182ac8110ad8a40bd"),A year without "Made in China",Sara Bongiorni. - Hoboken : John Wiley & Sons, 2007,2007,
ObjectId("5cab08f182ac8110ad8a40be"),A-lêch xây Tôn-xtôi,Mai Sao (soạn). - H. : Văn hóa Thông tin, 2001,2001,Phòng Mượn: VNM 039697-039699
ObjectId("5cab08f182ac8110ad8a40bf"),A. A-lơ-Svang ; Lan Hương (dịch). - H. : Văn hoá, 1977,,1977,
ObjectId("5cab08f182ac8110ad8a40c0"),A. Puskin tuyển tập văn học,Alêchxanđrơ Puskin ; Hoàng Tôn (dịch). - H. : Văn học, 2001,2001,Phòng Mượn: VNM 033131, 038844, 038846-038849
ObjectId("5cab08f182ac8110ad8a40c1"),A. X. Xêraphimôvich (1863-1949),G.A. Ersốp ; Nguyễn Phi Hùng (dịch). - H. : Văn hóa, 1987,1987,Phòng Mượn: VNM 025051-025052
ObjectId("5cab08f182ac8110ad8a40c2"),ABC 2000 thuật ngữ nghe tiếng Anh,Trần Chí Thiện. - H. : Nxb. Mũi Cà Mau, 1999,1999,
ObjectId("5cab08f182ac8110ad8a40c3"),ABC dược phẩm đặc chế,V.N. Hoàng. - S. : Sống Mới, 1974,1974,
ObjectId("5cab08f182ac8110ad8a40c4"),ABC's of relationship selling through service,Charles M. Futrell. - Boston : McGraw Hill , 2005,2005,
ObjectId("5cab08f182ac8110ad8a40c5"),ABC's of relationship selling through service,Charles M. Futrell. - Boston : McGraw Hill, 2007,2007,
ObjectId("5cab08f182ac8110ad8a40c6"),Abnormal psychology,Lani C. Fujitsubo. - California : Mayfield Publishing Company, 2000,2000,
ObjectId("5cab08f182ac8110ad8a40c7"),Abnormal psychology,Richard P. Halgin, Susan Krauss Whitbourne. - Boston Burr Ridge : McGraw-Hill, 2003,2003,
ObjectId("5cab08f182ac8110ad8a40c8"),Abnormal psychology,Susan Nolen - Hoeksema. - Boston : McGraw Hill, 2004,2004,
ObjectId("5cab08f182ac8110ad8a40c9"),About the U.S.A,Elaine Kirn. - Washington : Bureau of Educational and Cultural Affairs, 1989,1989,
ObjectId("5cab08f182ac8110ad8a40ca"),Academic listening encounters,Miriam Espeseth ; Lê Huy Lâm (dịch). - Tp. Hồ Chí Minh : Nxb. Tp. Hồ Chí Minh, 2001,2001,
ObjectId("5cab08f182ac8110ad8a40cb"),Accelerate,John P. Kotter. - Boston : Harvard Business Review Press, 2014,2014,
ObjectId("5cab08f182ac8110ad8a40cc"),Access 2.0 For Windows,Hồ Thanh Ngân (b.s.), Khiếu Văn Chí. - Đồng Nai : Nxb. Đồng Nai, 1995,1995,Phòng Giáo trình: VVG 00219:0001->0021
ObjectId("5cab08f182ac8110ad8a40cd"),Access 2002,Kathleen Stewart. - New York : McGraw Hill, 2002,2002,
ObjectId("5cab08f182ac8110ad8a40ce"),Access 2002 bible,Michael R. Irwin, Cary N. Prague, Jennifer Reardon. - New York : Wiley publishing, 2002,2002,
ObjectId("5cab08f182ac8110ad8a40cf"),Access 2002 cho người mới bắt đầu,Lê Minh Hiếu. - H. : Thống kê, 2002,2002,Phòng Giáo trình: VNG 02487:0001->0017
ObjectId("5cab08f182ac8110ad8a40d0"),Accounting,Robert F. Meigs, Mary A. Meigs, Mark Bettner, Ray Whittington. - NewYork : McGraw Hill, 1996,1996,
ObjectId("5cab08f182ac8110ad8a40d1"),Accounting,David H. Marshall, Wayne W. McManus. - New York : McGraw Hill, 2004,2004,
ObjectId("5cab08f182ac8110ad8a40d2"),Accounting,Robert N. Anthony, David F. Hawkins, Kenneth A. Merchant. - NewYork : McGraw Hill, 2011,2011,
ObjectId("5cab08f182ac8110ad8a40d3"),Accounting for decision making and control,Jerold L. Zimmerman. - Boston : McGraw Hill, 2009,2009,
ObjectId("5cab08f182ac8110ad8a40d4"),Accounting for decision making and control,Jerold L. Zimmerman. - NewYork : McGraw Hill, 2011,2011,
ObjectId("5cab08f182ac8110ad8a40d5"),Accounting information systems,Robert L. Hurt. - Boston : McGraw Hill, 2008,2008,
ObjectId("5cab08f182ac8110ad8a40d6"),Accounting information systems,Robert L. Hurt. - NewYork : McGraw Hill, 2010,2010,
ObjectId("5cab08f182ac8110ad8a40d7"),Accounting, information technology, and business solutions,Anita Sawyer Hollander, Eric L. Denna, J. Owen Cherrington. - Chicago : Irwin, 1996,1996,
ObjectId("5cab08f182ac8110ad8a40d8"),Accounts payable best practices,Mary S. Schaeffer. - Hoboken : John Wiley & Sons, 2004,2004,
ObjectId("5cab08f182ac8110ad8a40d9"),Achât (Sử thi của dân tộc Tà Ôi),Kê Sửu. - H. : Khoa học Xã hội, 2015,2015,
ObjectId("5cab08f182ac8110ad8a40da"),Achât (Sử thi của dân tộc Tà Ôi),Kê Sửu. - H. : Khoa học Xã hội, 2015,2015,
ObjectId("5cab08f182ac8110ad8a40db"),Achieving sustainable fresh water systems,Marjorie M. Holland, Elizabeth R. Blood, Lawrence R. Shaffer. - Washington : Island press, 2003,2003,
ObjectId("5cab08f182ac8110ad8a40dc"),ACLS essentials,Kim McKenna. - Boston : McGraw Hill, 2008,2008,
ObjectId("5cab08f182ac8110ad8a40dd"),Acounting theory,John A. Christensen, Joel S. Demski. - Boston Burr Ridge : McGraw-Hill, 2003,2003,
ObjectId("5cab08f182ac8110ad8a40de"),Acoustic emission : Standards and technology update,Sotirios J. Vahaviolos. - West Conshohocken : ASTM, 1999,1999,
ObjectId("5cab08f182ac8110ad8a40df"),Across five aprils,Irene Hunt. - Evanston, U.S.A : McDougal Littell, 1997,1997,
ObjectId("5cab08f182ac8110ad8a40e0"),Across the great divide,Philip Brick, Donald Snow, Sarah Van De Wetering. - Washington : Island Press, 2001,2001,
ObjectId("5cab08f182ac8110ad8a40e1"),Acting one,Robert Cohen. - Boston : McGraw Hill, 2002,2002,
ObjectId("5cab08f182ac8110ad8a40e2"),Active listening,Marc Helgesen, Stevent Brown, Dorolyn Smith ; Lê Huy Lâm (dịch và chú giải). - Tp. Hồ Chí Minh : Nxb. Tp. Hồ Chí Minh, 2000,2000,
ObjectId("5cab08f182ac8110ad8a40e3"),Active Listening : Tests,Tay Lesley ; Lê Huy Lâm (giới thiệu và chú giải). - Tp. Hồ Chí Minh : Nxb. Tp. Hồ Chí Minh, 2001,2001,
ObjectId("5cab08f182ac8110ad8a40e4"),Active listening building,Marc Helgesen, Steven Brown. - Cambridge : Cambridge University, 1994,1994,
ObjectId("5cab08f182ac8110ad8a40e5"),Active listening building,Marc Helgesen, Steven Brown. - Cambridge : Cambridge University, 1994,1994,
ObjectId("5cab08f182ac8110ad8a40e6"),Active skills for reading,Neil J. Anderson. - Australia : Thomson, 2003,2003,
ObjectId("5cab08f182ac8110ad8a40e7"),Active skills for reading,Neil J. Anderson. - Australia : Thomson, 2003,2003,
ObjectId("5cab08f182ac8110ad8a40e8"),Active skills for reading ,Neil J. Anderson. - Australia : Thomson, 2003,2003,
ObjectId("5cab08f182ac8110ad8a40e9"),Active skills for reading ,Neil J. Anderson. - Australia : Thomson, 2003,2003,
ObjectId("5cab08f182ac8110ad8a40ea"),Active training,Mel Silberman, Carol Auerbach. - NewYork : John Wiley & Sons, 1998,1998,
ObjectId("5cab08f182ac8110ad8a40eb"),Activities,Bernard Seal. - London : Longman, 1990,1990,
ObjectId("5cab08f182ac8110ad8a40ec"),Acxen Béc con người của thế kỷ 20,Irina Rađunxkaia ; Dịch : Lê Ngọc Thái,.... - H. : Thanh niên, 1980,1980,Phòng Mượn: VNM 018532-018535
ObjectId("5cab08f182ac8110ad8a40ed"),Adam bede,George Eliot . - London : David Campbell, 1992,1992,
ObjectId("5cab08f182ac8110ad8a40ee"),Adjectifs, prépositíons, locutions prépositives francais,Vũ Đình Tuân. - H. : Nxb. Hà Nội, 1995,1995,
ObjectId("5cab08f182ac8110ad8a40ef"),Adjustment in Africa. - Oxford : Oxford University, 1997,,1997,
ObjectId("5cab08f182ac8110ad8a40f0"),Admin 911 : SMS,Rob Trent. - New York : Osborne, 2001,2001,
ObjectId("5cab08f182ac8110ad8a40f1"),Administration of physical education and sport programs,Larry Horine, David Stotlar. - Boston : McGraw Hill, 2004,2004,
ObjectId("5cab08f182ac8110ad8a40f2"),Administration unix,Jean-Luc Montagnier. - Paris : Byrolles, 1995,1995,
ObjectId("5cab08f182ac8110ad8a40f3"),ADN động vật bộ gen người,Trung tâm TT-TLKH và CN Quốc gia. - H. : [Knxb], 1999,1999,
ObjectId("5cab08f182ac8110ad8a40f4"),Adobe acrobat 7 quicksteps,Marty Matthews, John Cronan. - NewYork : McGraw Hill, 2005,2005,
ObjectId("5cab08f182ac8110ad8a40f5"),Adobe pagemaker 7.0 toàn tập,Công Bình, Văn Cương. - H. : Thống kê, 2001,2001,
ObjectId("5cab08f182ac8110ad8a40f6"),Adobe photoshop 4.0,Ban biên dịch VN-GUIDE. - H. : Thống kê, 1998,1998,Phòng Mượn: VNM 031217-031219
ObjectId("5cab08f182ac8110ad8a40f7"),Adobe photoshop CS2 visual encyclopedia. - Hoboken : Wiley publishing, 2006,,2006,
ObjectId("5cab08f182ac8110ad8a40f8"),Adobe Photoshop những bài thực hành nâng cao,Vn-Guide (dịch). - H. : Thống kê, 1999,1999,Phòng Mượn: VNM 031115-031116
ObjectId("5cab08f182ac8110ad8a40f9"),Adobe premiere pro complete course,Donna L. Baker. - Hoboken : Wiley Publishing, 2004,2004,
ObjectId("5cab08f182ac8110ad8a40fa"),Adole premiere 6.5 bible,Adele Droblas, Seth Greenberg. - NewYork : Wiley & Sons, 2003,2003,
ObjectId("5cab08f182ac8110ad8a40fb"),Adolescence,John W. Santrock. - Boston BurrRidge : McGraw Hill, 2003,2003,
ObjectId("5cab08f182ac8110ad8a40fc"),Adolescence,Nancy J. Cobb. - California : Mayfield Publishing Company, 2003,2003,
ObjectId("5cab08f182ac8110ad8a40fd"),Adolescence,John W. Santrock. - Boston Burr Ridge : McGraw Hill, 2005,2005,
ObjectId("5cab08f182ac8110ad8a40fe"),Adolescence,Laurence Steinberg. - Boston Burr Ridge : McGraw Hill, 2005,2005,
ObjectId("5cab08f182ac8110ad8a40ff"),Adolescent Portraits,Andrew Garrod, Lisa Smulyan, Sally I. Powers, Robert Kilkenny. - Boston : Allyn and Bacon, 1999,1999,
ObjectId("5cab08f182ac8110ad8a4100"),Adolescent psychology,Fred E. Stickle. - Dubuque : McGraw Hill, 2007,2007,
ObjectId("5cab08f182ac8110ad8a4101"),Adolescent psychology 04/05,Karrent G. Duffy. - Dubuque : McGraw Hill, 2004,2004,
ObjectId("5cab08f182ac8110ad8a4102"),Advanced beginner's English reader. - Lincolnwood : McGraw Hill, 2001,,2001,
ObjectId("5cab08f182ac8110ad8a4103"),Advanced fiancial accounting,Richard E. Baker, Valdean C. Lembke, Thomas E. King, Cynthia G. Jeffrey. - Boston BurrRidge : McGraw Hill, 2008,2008,
ObjectId("5cab08f182ac8110ad8a4104"),Advanced financial accouting,Richard E. Baker, Theodore E. Christensen, David M. Cottrell,.... - NewYork : McGraw Hill, 2011,2011,
ObjectId("5cab08f182ac8110ad8a4105"),Advanced grammar in use,Martin Hewings ; Nguyễn Thành Yến (dịch). - Tp. Hồ Chí Minh : Nxb. Tp. Hồ Chí Minh, 2000,2000,
ObjectId("5cab08f182ac8110ad8a4106"),Advanced grammar in use,Martin Hewings ; Chú giải : Lê Ngọc Phương Anh ; First news (ban biên dịch). - Tp. Hồ Chí Minh : Nxb. Trẻ, 2002,2002,
ObjectId("5cab08f182ac8110ad8a4107"),Advanced in - line skating,Liz Miller. - Camden, Maine : Ragged Mountain Press, 2000,2000,
ObjectId("5cab08f182ac8110ad8a4108"),Advanced listening comprehension,Patricia Dunkel, Frank Pialorsi ; Lê Huy Lâm (dịch). - Tp. Hồ Chí Minh : Nxb. Tp. Hồ Chí Minh, 1997,1997,
ObjectId("5cab08f182ac8110ad8a4109"),Advanced machining processes,Hassan El-Hofy. - NewYork : McGraw Hill, 2005,2005,
ObjectId("5cab08f182ac8110ad8a410a"),Advanced mathematics,John H. Saxon. - Oklahoma : Saxon publishers, 1989,1989,
ObjectId("5cab08f182ac8110ad8a410b"),Advanced programming using visual basic 2005,Julia Case Bradley, Anita C. Millspaugh. - Boston : McGraw Hill, 2001,2001,
ObjectId("5cab08f182ac8110ad8a410c"),Advanced programming using visual basic.Net,Julia Case Bradley, Anita C. Millspaugh. - Boston : Irwin, 2003,2003,
ObjectId("5cab08f182ac8110ad8a410d"),Advances,Philip Prowse, Ian McGrath. - London : Heinemann, 1984,1984,
ObjectId("5cab08f182ac8110ad8a410e"),Advances in chemical physics,Prigogine, Stuart A. Rice. - NewYork : John Wiley & Sons, 2001,2001,
ObjectId("5cab08f182ac8110ad8a410f"),Advances in deterministic and stochastic analysis,N.M. Chuong, P.G. Ciarlet, Plax.... - New Jersey : World Scientific, 2007,2007,
ObjectId("5cab08f182ac8110ad8a4110"),Advances in electronics and electron physics,Peter W. Hawker. - Orlando : Academic, 1984,1984,
ObjectId("5cab08f182ac8110ad8a4111"),Advances in environmental measurement methods for asbestos,Michael E. Beard, Harry L. Rook. - West Conshohocken : ASTM, 2000,2000,
ObjectId("5cab08f182ac8110ad8a4112"),Advances in fatigue crack closure measurement and analysis,R.C. McClung, J.C. Newman. - West Conshohocken : ASTM, 1997,1997,
ObjectId("5cab08f182ac8110ad8a4113"),Advances in permanent magnetism,Rollin J. Parker. - NewYork : John Wiley & Sons, 1990,1990,
ObjectId("5cab08f182ac8110ad8a4114"),Advances in psychology,Jutta Heckhausen. - Amsterdam : Elsevier, 2000,2000,
ObjectId("5cab08f182ac8110ad8a4115"),Advansed In-line skating,Liz Miller. - NewYork : McGraw Hill, 2000,2000,
ObjectId("5cab08f182ac8110ad8a4116"),Aerosol measurement. - Gainesville : Florida University, 1979,,1979,
ObjectId("5cab08f182ac8110ad8a4117"),Aesthetics of the natural environment,Emily Brady. - Tuscaloosa : [S.n.], 2003,2003,
ObjectId("5cab08f182ac8110ad8a4118"),Affective minds,Giyoo Hatano, Naoyuki Okada, Hirotaka Tanabe. - Amsterdam : Elsevier, 2000,2000,
ObjectId("5cab08f182ac8110ad8a4119"),Africa,Dr.F. Jeffress Ramsay, Dr. Wayne Edge. - Guilford : McGraw Hill, 2004,2004,
ObjectId("5cab08f182ac8110ad8a411a"),African - American literature,Demetrice A. Worley, Jesse Perry,Jr. - Lincolnwood : McGraw Hill, 2001,2001,
ObjectId("5cab08f182ac8110ad8a411b"),Agile innovation,Langdon Morris, Moses MA, Po Chi Wu. - Hoboken : Wiley, 2014,2014,
ObjectId("5cab08f182ac8110ad8a411c"),Aging 08/09,Harold Cox (ed.). - Boston BurrRidge : McGraw Hill, 2009,2009,
ObjectId("5cab08f182ac8110ad8a411d"),Aging and life course,Jill Quadagno. - Boston : McGraw Hill, 2005,2005,
ObjectId("5cab08f182ac8110ad8a411e"),Ai chỉ huy Quốc hội?,Mark J. Green, James M. Fallows, David R. Zwick ; Anh Thư (dịch). - H. : Công an Nhân dân, 2001,2001,Phòng Mượn: VNM 036281-036282
ObjectId("5cab08f182ac8110ad8a411f"),Ai chống lại giải trừ quân bị ?. - H. : Ngoại văn, 1984,,1984,Phòng Mượn: VNM 019257-019258
